Model,MSO2024
Firmware Version,1.52

Point Format,Y
Horizontal Units,S
Horizontal Scale,0.01
Sample Interval,3.2e-05
Filter Frequency,2e+08
Record Length,3125
Gating,0.0% to 100.0%
Probe Attenuation,1
Vertical Units,V
Vertical Offset,0
Vertical Scale,0.02
Label,
TIME,CH1
1.3200e-02,0.0266719
1.3232e-02,0.0266094
1.3264e-02,0.0273812
1.3296e-02,0.0272656
1.3328e-02,0.0271875
1.3360e-02,0.0276281
1.3392e-02,0.0271
1.3424e-02,0.0272094
1.3456e-02,0.0270156
1.3488e-02,0.0261187
1.3520e-02,0.0269594
1.3552e-02,0.0270625
1.3584e-02,0.0265031
1.3616e-02,0.0259031
1.3648e-02,0.0258594
1.3680e-02,0.025425
1.3712e-02,0.0259031
1.3744e-02,0.0267125
1.3776e-02,0.026975
1.3808e-02,0.0269281
1.3840e-02,0.0275156
1.3872e-02,0.0277312
1.3904e-02,0.0272656
1.3936e-02,0.0271062
1.3968e-02,0.0262937
1.4000e-02,0.0267219
1.4032e-02,0.027225
1.4064e-02,0.0282406
1.4096e-02,0.02835
1.4128e-02,0.0276562
1.4160e-02,0.0271031
1.4192e-02,0.0266344
1.4224e-02,0.026575
1.4256e-02,0.02615
1.4288e-02,0.0268406
1.4320e-02,0.0270562
1.4352e-02,0.0272781
1.4384e-02,0.0272125
1.4416e-02,0.0270656
1.4448e-02,0.0268437
1.4480e-02,0.0269469
1.4512e-02,0.0279406
1.4544e-02,0.0284531
1.4576e-02,0.027525
1.4608e-02,0.0276969
1.4640e-02,0.0276187
1.4672e-02,0.0279594
1.4704e-02,0.0272844
1.4736e-02,0.027575
1.4768e-02,0.027575
1.4800e-02,0.0278937
1.4832e-02,0.0271937
1.4864e-02,0.0263312
1.4896e-02,0.0259812
1.4928e-02,0.0262031
1.4960e-02,0.0268406
1.4992e-02,0.02735
1.5024e-02,0.0275562
1.5056e-02,0.0282094
1.5088e-02,0.0279875
1.5120e-02,0.0275469
1.5152e-02,0.027175
1.5184e-02,0.0271281
1.5216e-02,0.0272781
1.5248e-02,0.0288531
1.5280e-02,0.029225
1.5312e-02,0.0282031
1.5344e-02,0.027525
1.5376e-02,0.0274281
1.5408e-02,0.0280375
1.5440e-02,0.0285156
1.5472e-02,0.0284812
1.5504e-02,0.0286125
1.5536e-02,0.028125
1.5568e-02,0.0286687
1.5600e-02,0.0285281
1.5632e-02,0.0281562
1.5664e-02,0.02835
1.5696e-02,0.028575
1.5728e-02,0.0293
1.5760e-02,0.030275
1.5792e-02,0.030025
1.5824e-02,0.0296719
1.5856e-02,0.0299937
1.5888e-02,0.0296781
1.5920e-02,0.0298906
1.5952e-02,0.0299187
1.5984e-02,0.0304156
1.6016e-02,0.0306
1.6048e-02,0.0309875
1.6080e-02,0.0314687
1.6112e-02,0.032575
1.6144e-02,0.0333219
1.6176e-02,0.0338781
1.6208e-02,0.0343312
1.6240e-02,0.0340187
1.6272e-02,0.0340344
1.6304e-02,0.0356406
1.6336e-02,0.0369625
1.6368e-02,0.0382406
1.6400e-02,0.0375406
1.6432e-02,0.0380406
1.6464e-02,0.039725
1.6496e-02,0.041675
1.6528e-02,0.0424937
1.6560e-02,0.0426156
1.6592e-02,0.0430406
1.6624e-02,0.0448969
1.6656e-02,0.0485719
1.6688e-02,0.0505094
1.6720e-02,0.0506844
1.6752e-02,0.0513562
1.6784e-02,0.0505875
1.6816e-02,0.0508656
1.6848e-02,0.0532
1.6880e-02,0.0545781
1.6912e-02,0.0568219
1.6944e-02,0.0575
1.6976e-02,0.05925
1.7008e-02,0.0618781
1.7040e-02,0.064525
1.7072e-02,0.0669469
1.7104e-02,0.0674187
1.7136e-02,0.0683781
1.7168e-02,0.0671875
1.7200e-02,0.066675
1.7232e-02,0.0672
1.7264e-02,0.0681937
1.7296e-02,0.0700875
1.7328e-02,0.0716187
1.7360e-02,0.0739
1.7392e-02,0.074675
1.7424e-02,0.0757437
1.7456e-02,0.0756875
1.7488e-02,0.0753312
1.7520e-02,0.0754469
1.7552e-02,0.0761125
1.7584e-02,0.0774187
1.7616e-02,0.0775437
1.7648e-02,0.0785719
1.7680e-02,0.0791469
1.7712e-02,0.0806156
1.7744e-02,0.0809719
1.7776e-02,0.0800437
1.7808e-02,0.0795156
1.7840e-02,0.07835
1.7872e-02,0.0762312
1.7904e-02,0.0753719
1.7936e-02,0.076425
1.7968e-02,0.076925
1.8000e-02,0.0776594
1.8032e-02,0.0766125
1.8064e-02,0.0750437
1.8096e-02,0.0764406
1.8128e-02,0.0751469
1.8160e-02,0.0748719
1.8192e-02,0.0738687
1.8224e-02,0.0724469
1.8256e-02,0.0703625
1.8288e-02,0.0682844
1.8320e-02,0.0676719
1.8352e-02,0.06705
1.8384e-02,0.065525
1.8416e-02,0.0645687
1.8448e-02,0.0654062
1.8480e-02,0.0663219
1.8512e-02,0.0654687
1.8544e-02,0.0638844
1.8576e-02,0.0619
1.8608e-02,0.0611875
1.8640e-02,0.0593469
1.8672e-02,0.0567437
1.8704e-02,0.0548969
1.8736e-02,0.0543875
1.8768e-02,0.0527
1.8800e-02,0.0517625
1.8832e-02,0.0506625
1.8864e-02,0.0486219
1.8896e-02,0.0469031
1.8928e-02,0.0455125
1.8960e-02,0.045375
1.8992e-02,0.0441406
1.9024e-02,0.0426406
1.9056e-02,0.041225
1.9088e-02,0.0402719
1.9120e-02,0.0395312
1.9152e-02,0.0385594
1.9184e-02,0.0386844
1.9216e-02,0.0379406
1.9248e-02,0.0379156
1.9280e-02,0.0376062
1.9312e-02,0.0363656
1.9344e-02,0.0354437
1.9376e-02,0.0347531
1.9408e-02,0.0337375
1.9440e-02,0.0330062
1.9472e-02,0.0328031
1.9504e-02,0.0337406
1.9536e-02,0.0338969
1.9568e-02,0.034475
1.9600e-02,0.0333875
1.9632e-02,0.0330625
1.9664e-02,0.0335844
1.9696e-02,0.0332031
1.9728e-02,0.0324531
1.9760e-02,0.0316625
1.9792e-02,0.0311844
1.9824e-02,0.0311
1.9856e-02,0.0302531
1.9888e-02,0.0290187
1.9920e-02,0.0286094
1.9952e-02,0.0283531
1.9984e-02,0.0287969
2.0016e-02,0.0301719
2.0048e-02,0.0310156
2.0080e-02,0.0302125
2.0112e-02,0.0294656
2.0144e-02,0.0284312
2.0176e-02,0.02825
2.0208e-02,0.0293344
2.0240e-02,0.0291156
2.0272e-02,0.0288594
2.0304e-02,0.0281781
2.0336e-02,0.0278906
2.0368e-02,0.027725
2.0400e-02,0.0275187
2.0432e-02,0.0274531
2.0464e-02,0.0268469
2.0496e-02,0.0264687
2.0528e-02,0.026125
2.0560e-02,0.0262062
2.0592e-02,0.027225
2.0624e-02,0.0278
2.0656e-02,0.0280094
2.0688e-02,0.0281062
2.0720e-02,0.0278562
2.0752e-02,0.0277687
2.0784e-02,0.0271437
2.0816e-02,0.0268781
2.0848e-02,0.0279344
2.0880e-02,0.0282625
2.0912e-02,0.0283937
2.0944e-02,0.0277031
2.0976e-02,0.0270219
2.1008e-02,0.0270687
2.1040e-02,0.0277125
2.1072e-02,0.0284687
2.1104e-02,0.0280875
2.1136e-02,0.0286594
2.1168e-02,0.0285844
2.1200e-02,0.028975
2.1232e-02,0.0283812
2.1264e-02,0.0283719
2.1296e-02,0.0277469
2.1328e-02,0.0275375
2.1360e-02,0.0274906
2.1392e-02,0.0278031
2.1424e-02,0.0282875
2.1456e-02,0.0284219
2.1488e-02,0.0276844
2.1520e-02,0.0266656
2.1552e-02,0.0261656
2.1584e-02,0.0259219
2.1616e-02,0.0269531
2.1648e-02,0.0283687
2.1680e-02,0.0283969
2.1712e-02,0.0279156
2.1744e-02,0.027875
2.1776e-02,0.0276719
2.1808e-02,0.028075
2.1840e-02,0.02795
2.1872e-02,0.0281375
2.1904e-02,0.0288437
2.1936e-02,0.0294
2.1968e-02,0.0297156
2.2000e-02,0.0292
2.2032e-02,0.0296531
2.2064e-02,0.028975
2.2096e-02,0.0275406
2.2128e-02,0.0277625
2.2160e-02,0.0281281
2.2192e-02,0.0280937
2.2224e-02,0.0280406
2.2256e-02,0.0282625
2.2288e-02,0.0287219
2.2320e-02,0.0295875
2.2352e-02,0.0292906
2.2384e-02,0.0292812
2.2416e-02,0.0291031
2.2448e-02,0.0287875
2.2480e-02,0.0278281
2.2512e-02,0.0282625
2.2544e-02,0.0278781
2.2576e-02,0.027975
2.2608e-02,0.0278344
2.2640e-02,0.0285875
2.2672e-02,0.0290469
2.2704e-02,0.0283594
2.2736e-02,0.0282625
2.2768e-02,0.0290812
2.2800e-02,0.0287594
2.2832e-02,0.0287875
2.2864e-02,0.0288344
2.2896e-02,0.0290906
2.2928e-02,0.0286844
2.2960e-02,0.0288562
2.2992e-02,0.0284344
2.3024e-02,0.0294812
2.3056e-02,0.0293
2.3088e-02,0.0283
2.3120e-02,0.0276531
2.3152e-02,0.0278687
2.3184e-02,0.0280531
2.3216e-02,0.0281094
2.3248e-02,0.0286031
2.3280e-02,0.0284406
2.3312e-02,0.0279281
2.3344e-02,0.0280719
2.3376e-02,0.0281125
2.3408e-02,0.0283656
2.3440e-02,0.0278562
2.3472e-02,0.0281406
2.3504e-02,0.0288812
2.3536e-02,0.0285469
2.3568e-02,0.0282719
2.3600e-02,0.0283125
2.3632e-02,0.0284656
2.3664e-02,0.0288344
2.3696e-02,0.0283969
2.3728e-02,0.0284781
2.3760e-02,0.02905
2.3792e-02,0.0291812
2.3824e-02,0.0291625
2.3856e-02,0.0294844
2.3888e-02,0.0292781
2.3920e-02,0.0287062
2.3952e-02,0.0288031
2.3984e-02,0.0291562
2.4016e-02,0.0295125
2.4048e-02,0.0287156
2.4080e-02,0.02835
2.4112e-02,0.0285469
2.4144e-02,0.0289125
2.4176e-02,0.0287125
2.4208e-02,0.0283187
2.4240e-02,0.030125
2.4272e-02,0.0306687
2.4304e-02,0.0304656
2.4336e-02,0.0297875
2.4368e-02,0.0291656
2.4400e-02,0.028375
2.4432e-02,0.0283969
2.4464e-02,0.0286406
2.4496e-02,0.0287594
2.4528e-02,0.0287594
2.4560e-02,0.02905
2.4592e-02,0.0300062
2.4624e-02,0.0306531
2.4656e-02,0.0306125
2.4688e-02,0.0298656
2.4720e-02,0.0299156
2.4752e-02,0.0295
2.4784e-02,0.0287844
2.4816e-02,0.0281219
2.4848e-02,0.0283156
2.4880e-02,0.0291437
2.4912e-02,0.0290844
2.4944e-02,0.0303406
2.4976e-02,0.0294344
2.5008e-02,0.0287
2.5040e-02,0.0290406
2.5072e-02,0.0291562
2.5104e-02,0.0290375
2.5136e-02,0.0290937
2.5168e-02,0.0293625
2.5200e-02,0.0296281
2.5232e-02,0.0295312
2.5264e-02,0.0298875
2.5296e-02,0.0301875
2.5328e-02,0.0298062
2.5360e-02,0.0301375
2.5392e-02,0.0310406
2.5424e-02,0.0314312
2.5456e-02,0.0307312
2.5488e-02,0.0302344
2.5520e-02,0.0292219
2.5552e-02,0.0301906
2.5584e-02,0.0300875
2.5616e-02,0.0294406
2.5648e-02,0.0298875
2.5680e-02,0.0293125
2.5712e-02,0.0290094
2.5744e-02,0.0287062
2.5776e-02,0.0282594
2.5808e-02,0.0277812
2.5840e-02,0.028575
2.5872e-02,0.0294219
2.5904e-02,0.0299594
2.5936e-02,0.0295906
2.5968e-02,0.0302719
2.6000e-02,0.0307844
2.6032e-02,0.0312687
2.6064e-02,0.03165
2.6096e-02,0.0320062
2.6128e-02,0.0313719
2.6160e-02,0.0308094
2.6192e-02,0.0305844
2.6224e-02,0.0312875
2.6256e-02,0.0317687
2.6288e-02,0.0318
2.6320e-02,0.0314375
2.6352e-02,0.03025
2.6384e-02,0.0294562
2.6416e-02,0.0299531
2.6448e-02,0.0302625
2.6480e-02,0.0295125
2.6512e-02,0.0299406
2.6544e-02,0.0307594
2.6576e-02,0.0310781
2.6608e-02,0.0316719
2.6640e-02,0.03115
2.6672e-02,0.0312125
2.6704e-02,0.0307937
2.6736e-02,0.0314469
2.6768e-02,0.0315281
2.6800e-02,0.0321437
2.6832e-02,0.0326656
2.6864e-02,0.0328812
2.6896e-02,0.0332906
2.6928e-02,0.0343812
2.6960e-02,0.0349187
2.6992e-02,0.0361156
2.7024e-02,0.0364812
2.7056e-02,0.0364687
2.7088e-02,0.0371094
2.7120e-02,0.038325
2.7152e-02,0.0405625
2.7184e-02,0.0411875
2.7216e-02,0.0424281
2.7248e-02,0.0425719
2.7280e-02,0.0447344
2.7312e-02,0.0458781
2.7344e-02,0.0464312
2.7376e-02,0.0480125
2.7408e-02,0.0486656
2.7440e-02,0.0501812
2.7472e-02,0.0520156
2.7504e-02,0.0537312
2.7536e-02,0.055425
2.7568e-02,0.0574562
2.7600e-02,0.0587906
2.7632e-02,0.0622312
2.7664e-02,0.0640312
2.7696e-02,0.0635781
2.7728e-02,0.0645187
2.7760e-02,0.0653469
2.7792e-02,0.0672219
2.7824e-02,0.0686656
2.7856e-02,0.069075
2.7888e-02,0.0711562
2.7920e-02,0.0706125
2.7952e-02,0.0714
2.7984e-02,0.072025
2.8016e-02,0.0717031
2.8048e-02,0.0740094
2.8080e-02,0.0738719
2.8112e-02,0.0748156
2.8144e-02,0.0758844
2.8176e-02,0.0765875
2.8208e-02,0.078975
2.8240e-02,0.0797875
2.8272e-02,0.0782844
2.8304e-02,0.0765375
2.8336e-02,0.074
2.8368e-02,0.0718969
2.8400e-02,0.071225
2.8432e-02,0.0702812
2.8464e-02,0.0700406
2.8496e-02,0.0689469
2.8528e-02,0.068875
2.8560e-02,0.0676844
2.8592e-02,0.065825
2.8624e-02,0.063975
2.8656e-02,0.0617344
2.8688e-02,0.0600312
2.8720e-02,0.0569875
2.8752e-02,0.0546406
2.8784e-02,0.0522781
2.8816e-02,0.0502094
2.8848e-02,0.0487031
2.8880e-02,0.0481875
2.8912e-02,0.0475031
2.8944e-02,0.0464969
2.8976e-02,0.0464375
2.9008e-02,0.0455437
2.9040e-02,0.04495
2.9072e-02,0.0433969
2.9104e-02,0.0416781
2.9136e-02,0.0406156
2.9168e-02,0.0398219
2.9200e-02,0.0391094
2.9232e-02,0.039225
2.9264e-02,0.0388344
2.9296e-02,0.0371187
2.9328e-02,0.0361687
2.9360e-02,0.0351594
2.9392e-02,0.0349
2.9424e-02,0.0348781
2.9456e-02,0.0339844
2.9488e-02,0.0341781
2.9520e-02,0.0337469
2.9552e-02,0.0325562
2.9584e-02,0.0315594
2.9616e-02,0.0313844
2.9648e-02,0.0316219
2.9680e-02,0.0318781
2.9712e-02,0.0320562
2.9744e-02,0.0320031
2.9776e-02,0.032025
2.9808e-02,0.0318062
2.9840e-02,0.032825
2.9872e-02,0.0325875
2.9904e-02,0.0313406
2.9936e-02,0.0302094
2.9968e-02,0.0296437
3.0000e-02,0.0297312
3.0032e-02,0.0307781
3.0064e-02,0.0306562
3.0096e-02,0.0305
3.0128e-02,0.0305656
3.0160e-02,0.0302312
3.0192e-02,0.0300437
3.0224e-02,0.0301875
3.0256e-02,0.0301937
3.0288e-02,0.03035
3.0320e-02,0.0297437
3.0352e-02,0.0298937
3.0384e-02,0.0293875
3.0416e-02,0.0292344
3.0448e-02,0.0287656
3.0480e-02,0.0279875
3.0512e-02,0.0283031
3.0544e-02,0.0285625
3.0576e-02,0.0289062
3.0608e-02,0.0292781
3.0640e-02,0.0300906
3.0672e-02,0.0303906
3.0704e-02,0.0302375
3.0736e-02,0.0300187
3.0768e-02,0.0301375
3.0800e-02,0.02995
3.0832e-02,0.030175
3.0864e-02,0.02915
3.0896e-02,0.0287125
3.0928e-02,0.0289406
3.0960e-02,0.0295906
3.0992e-02,0.0290156
3.1024e-02,0.0282344
3.1056e-02,0.0274219
3.1088e-02,0.0276156
3.1120e-02,0.0277125
3.1152e-02,0.0271281
3.1184e-02,0.0272094
3.1216e-02,0.0280687
3.1248e-02,0.0282625
3.1280e-02,0.0281937
3.1312e-02,0.0284562
3.1344e-02,0.0279
3.1376e-02,0.0274187
3.1408e-02,0.0266625
3.1440e-02,0.0262531
3.1472e-02,0.0263875
3.1504e-02,0.0263875
3.1536e-02,0.0264812
3.1568e-02,0.0275719
3.1600e-02,0.0285219
3.1632e-02,0.0294687
3.1664e-02,0.0294062
3.1696e-02,0.0291812
3.1728e-02,0.0284469
3.1760e-02,0.0282437
3.1792e-02,0.0280344
3.1824e-02,0.0279781
3.1856e-02,0.0293
3.1888e-02,0.0296219
3.1920e-02,0.0289219
3.1952e-02,0.0285219
3.1984e-02,0.02795
3.2016e-02,0.0286906
3.2048e-02,0.0295094
3.2080e-02,0.0289031
3.2112e-02,0.0288219
3.2144e-02,0.0290844
3.2176e-02,0.0290094
3.2208e-02,0.0282219
3.2240e-02,0.0282
3.2272e-02,0.0279437
3.2304e-02,0.027625
3.2336e-02,0.0282125
3.2368e-02,0.0274969
3.2400e-02,0.02675
3.2432e-02,0.02645
3.2464e-02,0.0266812
3.2496e-02,0.0269906
3.2528e-02,0.0272719
3.2560e-02,0.0280062
3.2592e-02,0.0278937
3.2624e-02,0.0283375
3.2656e-02,0.0279094
3.2688e-02,0.0271094
3.2720e-02,0.0274687
3.2752e-02,0.0275187
3.2784e-02,0.0271219
3.2816e-02,0.0270875
3.2848e-02,0.0271406
3.2880e-02,0.0269781
3.2912e-02,0.0268969
3.2944e-02,0.0266937
3.2976e-02,0.0267594
3.3008e-02,0.0269062
3.3040e-02,0.0275687
3.3072e-02,0.0282781
3.3104e-02,0.0285812
3.3136e-02,0.0302281
3.3168e-02,0.0299437
3.3200e-02,0.02925
3.3232e-02,0.0287
3.3264e-02,0.0284844
3.3296e-02,0.0282031
3.3328e-02,0.02875
3.3360e-02,0.0289906
3.3392e-02,0.0287375
3.3424e-02,0.02795
3.3456e-02,0.0278594
3.3488e-02,0.0285937
3.3520e-02,0.0288969
3.3552e-02,0.0292344
3.3584e-02,0.0290875
3.3616e-02,0.0285844
3.3648e-02,0.0281344
3.3680e-02,0.0286375
3.3712e-02,0.0292094
3.3744e-02,0.0294312
3.3776e-02,0.0300594
3.3808e-02,0.0296
3.3840e-02,0.0294375
3.3872e-02,0.0290531
3.3904e-02,0.0286625
3.3936e-02,0.0285594
3.3968e-02,0.0293312
3.4000e-02,0.0289781
3.4032e-02,0.0290344
3.4064e-02,0.0296094
3.4096e-02,0.0305406
3.4128e-02,0.0298719
3.4160e-02,0.0291812
3.4192e-02,0.0292031
3.4224e-02,0.0298812
3.4256e-02,0.029625
3.4288e-02,0.0287844
3.4320e-02,0.0297031
3.4352e-02,0.0297875
3.4384e-02,0.0295281
3.4416e-02,0.0298719
3.4448e-02,0.0294187
3.4480e-02,0.028525
3.4512e-02,0.0279875
3.4544e-02,0.0279187
3.4576e-02,0.0277344
3.4608e-02,0.0273312
3.4640e-02,0.027175
3.4672e-02,0.0275187
3.4704e-02,0.0280219
3.4736e-02,0.0291562
3.4768e-02,0.0297406
3.4800e-02,0.0296812
3.4832e-02,0.0295562
3.4864e-02,0.0297531
3.4896e-02,0.029775
3.4928e-02,0.0291094
3.4960e-02,0.0292406
3.4992e-02,0.0290281
3.5024e-02,0.0286875
3.5056e-02,0.0286469
3.5088e-02,0.0296594
3.5120e-02,0.0295375
3.5152e-02,0.0286469
3.5184e-02,0.0276375
3.5216e-02,0.0272125
3.5248e-02,0.0268469
3.5280e-02,0.0275562
3.5312e-02,0.0279719
3.5344e-02,0.027975
3.5376e-02,0.0277562
3.5408e-02,0.02805
3.5440e-02,0.0277156
3.5472e-02,0.027275
3.5504e-02,0.0268687
3.5536e-02,0.0263812
3.5568e-02,0.0264625
3.5600e-02,0.0270719
3.5632e-02,0.0270969
3.5664e-02,0.0279937
3.5696e-02,0.0285281
3.5728e-02,0.0282406
3.5760e-02,0.0277031
3.5792e-02,0.0272437
3.5824e-02,0.0274031
3.5856e-02,0.0278875
3.5888e-02,0.0279062
3.5920e-02,0.0273
3.5952e-02,0.0272406
3.5984e-02,0.0273312
3.6016e-02,0.0276437
3.6048e-02,0.0281719
3.6080e-02,0.027275
3.6112e-02,0.027425
3.6144e-02,0.027325
3.6176e-02,0.0276312
3.6208e-02,0.0272219
3.6240e-02,0.02715
3.6272e-02,0.0273406
3.6304e-02,0.0274187
3.6336e-02,0.0274
3.6368e-02,0.0275219
3.6400e-02,0.0269937
3.6432e-02,0.026675
3.6464e-02,0.0272312
3.6496e-02,0.0271719
3.6528e-02,0.0276469
3.6560e-02,0.026975
3.6592e-02,0.0263812
3.6624e-02,0.025875
3.6656e-02,0.0256344
3.6688e-02,0.0261125
3.6720e-02,0.0259844
3.6752e-02,0.0259812
3.6784e-02,0.0273219
3.6816e-02,0.0271906
3.6848e-02,0.026775
3.6880e-02,0.0265187
3.6912e-02,0.02645
3.6944e-02,0.0258312
3.6976e-02,0.0262844
3.7008e-02,0.0272625
3.7040e-02,0.0276969
3.7072e-02,0.0278281
3.7104e-02,0.0277937
3.7136e-02,0.0272781
3.7168e-02,0.0269437
3.7200e-02,0.0269281
3.7232e-02,0.0275844
3.7264e-02,0.0275562
3.7296e-02,0.0275125
3.7328e-02,0.0272719
3.7360e-02,0.0271781
3.7392e-02,0.0273469
3.7424e-02,0.0273406
3.7456e-02,0.0271687
3.7488e-02,0.0275906
3.7520e-02,0.0276187
3.7552e-02,0.0267156
3.7584e-02,0.0264062
3.7616e-02,0.0262812
3.7648e-02,0.0266344
3.7680e-02,0.0268937
3.7712e-02,0.0271625
3.7744e-02,0.0273406
3.7776e-02,0.0271562
3.7808e-02,0.0269969
3.7840e-02,0.0273781
3.7872e-02,0.0275187
3.7904e-02,0.0270156
3.7936e-02,0.02655
3.7968e-02,0.0262937
3.8000e-02,0.0261937
3.8032e-02,0.0263062
3.8064e-02,0.027275
3.8096e-02,0.0273281
3.8128e-02,0.0276687
3.8160e-02,0.0282719
3.8192e-02,0.0280062
3.8224e-02,0.0284906
3.8256e-02,0.0284312
3.8288e-02,0.0284
3.8320e-02,0.0285625
3.8352e-02,0.0277812
3.8384e-02,0.0275156
3.8416e-02,0.0276375
3.8448e-02,0.02705
3.8480e-02,0.0264656
3.8512e-02,0.0267375
3.8544e-02,0.0266375
3.8576e-02,0.0263781
3.8608e-02,0.0272031
3.8640e-02,0.02695
3.8672e-02,0.0273656
3.8704e-02,0.0270187
3.8736e-02,0.0273281
3.8768e-02,0.0272562
3.8800e-02,0.0278875
3.8832e-02,0.0295031
3.8864e-02,0.0289219
3.8896e-02,0.0279187
3.8928e-02,0.0280781
3.8960e-02,0.0287281
3.8992e-02,0.0290875
3.9024e-02,0.0304469
3.9056e-02,0.0299344
3.9088e-02,0.0301875
3.9120e-02,0.0300937
3.9152e-02,0.0297562
3.9184e-02,0.03035
3.9216e-02,0.0304875
3.9248e-02,0.0304062
3.9280e-02,0.0308406
3.9312e-02,0.0321562
3.9344e-02,0.0342437
3.9376e-02,0.0362187
3.9408e-02,0.0369844
3.9440e-02,0.0388375
3.9472e-02,0.0406312
3.9504e-02,0.04075
3.9536e-02,0.0406469
3.9568e-02,0.0418312
3.9600e-02,0.0415937
3.9632e-02,0.04125
3.9664e-02,0.0419094
3.9696e-02,0.0452719
3.9728e-02,0.0472469
3.9760e-02,0.0478625
3.9792e-02,0.0509062
3.9824e-02,0.0523062
3.9856e-02,0.0517844
3.9888e-02,0.0520469
3.9920e-02,0.0539125
3.9952e-02,0.0563406
3.9984e-02,0.0573625
4.0016e-02,0.0577531
4.0048e-02,0.057975
4.0080e-02,0.0599656
4.0112e-02,0.0634937
4.0144e-02,0.066225
4.0176e-02,0.0655187
4.0208e-02,0.0658844
4.0240e-02,0.06715
4.0272e-02,0.0667344
4.0304e-02,0.0682125
4.0336e-02,0.0712187
4.0368e-02,0.0744094
4.0400e-02,0.0759531
4.0432e-02,0.0771156
4.0464e-02,0.0763875
4.0496e-02,0.0758344
4.0528e-02,0.0769187
4.0560e-02,0.0781187
4.0592e-02,0.0773719
4.0624e-02,0.0761937
4.0656e-02,0.0757219
4.0688e-02,0.0755719
4.0720e-02,0.0762906
4.0752e-02,0.07575
4.0784e-02,0.0766
4.0816e-02,0.0780312
4.0848e-02,0.0790687
4.0880e-02,0.0767375
4.0912e-02,0.0755062
4.0944e-02,0.0724187
4.0976e-02,0.0727906
4.1008e-02,0.0723906
4.1040e-02,0.0722969
4.1072e-02,0.0712656
4.1104e-02,0.0702469
4.1136e-02,0.0699969
4.1168e-02,0.0685125
4.1200e-02,0.0676906
4.1232e-02,0.06755
4.1264e-02,0.0659156
4.1296e-02,0.06255
4.1328e-02,0.060525
4.1360e-02,0.0591312
4.1392e-02,0.0582406
4.1424e-02,0.0579312
4.1456e-02,0.0566281
4.1488e-02,0.0552844
4.1520e-02,0.0530812
4.1552e-02,0.0501687
4.1584e-02,0.0471594
4.1616e-02,0.0463781
4.1648e-02,0.045775
4.1680e-02,0.0438281
4.1712e-02,0.042775
4.1744e-02,0.0425906
4.1776e-02,0.0423687
4.1808e-02,0.0413906
4.1840e-02,0.0401187
4.1872e-02,0.0388
4.1904e-02,0.0373
4.1936e-02,0.0363062
4.1968e-02,0.0359406
4.2000e-02,0.0363594
4.2032e-02,0.0365031
4.2064e-02,0.036625
4.2096e-02,0.035525
4.2128e-02,0.0335781
4.2160e-02,0.032625
4.2192e-02,0.0322062
4.2224e-02,0.0318594
4.2256e-02,0.0312094
4.2288e-02,0.0300719
4.2320e-02,0.0311281
4.2352e-02,0.0308375
4.2384e-02,0.0298094
4.2416e-02,0.0293906
4.2448e-02,0.028925
4.2480e-02,0.0294844
4.2512e-02,0.0293719
4.2544e-02,0.0292031
4.2576e-02,0.0283062
4.2608e-02,0.0290094
4.2640e-02,0.0288781
4.2672e-02,0.0283781
4.2704e-02,0.027775
4.2736e-02,0.028725
4.2768e-02,0.0298125
4.2800e-02,0.0293781
4.2832e-02,0.0288094
4.2864e-02,0.0285375
4.2896e-02,0.0278875
4.2928e-02,0.0282344
4.2960e-02,0.0287375
4.2992e-02,0.0287031
4.3024e-02,0.0287094
4.3056e-02,0.0286781
4.3088e-02,0.0286844
4.3120e-02,0.0284875
4.3152e-02,0.0280969
4.3184e-02,0.0272594
4.3216e-02,0.0264812
4.3248e-02,0.0259531
4.3280e-02,0.0259031
4.3312e-02,0.0258281
4.3344e-02,0.0260312
4.3376e-02,0.0271844
4.3408e-02,0.02775
4.3440e-02,0.0282031
4.3472e-02,0.0275937
4.3504e-02,0.0270344
4.3536e-02,0.0264562
4.3568e-02,0.0264187
4.3600e-02,0.0268312
4.3632e-02,0.0277344
4.3664e-02,0.0278125
4.3696e-02,0.0271937
4.3728e-02,0.0276187
4.3760e-02,0.0285187
4.3792e-02,0.0278
4.3824e-02,0.0277812
4.3856e-02,0.0274687
4.3888e-02,0.0270656
4.3920e-02,0.0268969
4.3952e-02,0.0264625
4.3984e-02,0.0270531
4.4016e-02,0.0276219
4.4048e-02,0.027325
4.4080e-02,0.0269437
4.4112e-02,0.0265562
4.4144e-02,0.0270969
4.4176e-02,0.0270781
4.4208e-02,0.0274312
4.4240e-02,0.02765
4.4272e-02,0.0279406
4.4304e-02,0.0275531
4.4336e-02,0.0276687
4.4368e-02,0.0287062
4.4400e-02,0.0278406
4.4432e-02,0.0264094
4.4464e-02,0.0258125
4.4496e-02,0.0263625
4.4528e-02,0.0276406
4.4560e-02,0.0282906
4.4592e-02,0.028375
4.4624e-02,0.0284937
4.4656e-02,0.0289719
4.4688e-02,0.0292094
4.4720e-02,0.0288
4.4752e-02,0.0285031
4.4784e-02,0.0287687
4.4816e-02,0.0288312
4.4848e-02,0.0286344
4.4880e-02,0.0284969
4.4912e-02,0.0279594
4.4944e-02,0.0280812
4.4976e-02,0.0285
4.5008e-02,0.0278
4.5040e-02,0.0276094
4.5072e-02,0.0286031
4.5104e-02,0.0288937
4.5136e-02,0.0294156
4.5168e-02,0.0299344
4.5200e-02,0.0294562
4.5232e-02,0.0291469
4.5264e-02,0.0291875
4.5296e-02,0.0289125
4.5328e-02,0.0285562
4.5360e-02,0.0275031
4.5392e-02,0.0275594
4.5424e-02,0.0281156
4.5456e-02,0.0278344
4.5488e-02,0.0279437
4.5520e-02,0.0279625
4.5552e-02,0.0279312
4.5584e-02,0.0277375
4.5616e-02,0.0276312
4.5648e-02,0.0279687
4.5680e-02,0.0284594
4.5712e-02,0.0286031
4.5744e-02,0.0277781
4.5776e-02,0.0276406
4.5808e-02,0.0279687
4.5840e-02,0.0281844
4.5872e-02,0.0288312
4.5904e-02,0.0287656
4.5936e-02,0.0284
4.5968e-02,0.0283375
4.6000e-02,0.0290812
4.6032e-02,0.0288031
4.6064e-02,0.02855
4.6096e-02,0.0280375
4.6128e-02,0.0277656
4.6160e-02,0.0272969
4.6192e-02,0.027925
4.6224e-02,0.0283187
4.6256e-02,0.0277031
4.6288e-02,0.0268437
4.6320e-02,0.0270312
4.6352e-02,0.0280094
4.6384e-02,0.0285406
4.6416e-02,0.0285687
4.6448e-02,0.02875
4.6480e-02,0.0290875
4.6512e-02,0.0287156
4.6544e-02,0.0295437
4.6576e-02,0.030075
4.6608e-02,0.0305062
4.6640e-02,0.0293781
4.6672e-02,0.0287937
4.6704e-02,0.0277937
4.6736e-02,0.0278906
4.6768e-02,0.0280187
4.6800e-02,0.0281031
4.6832e-02,0.0282781
4.6864e-02,0.0280594
4.6896e-02,0.0287969
4.6928e-02,0.0291906
4.6960e-02,0.0301406
4.6992e-02,0.0304906
4.7024e-02,0.0301281
4.7056e-02,0.0310969
4.7088e-02,0.0309281
4.7120e-02,0.0308156
4.7152e-02,0.0313125
4.7184e-02,0.0310875
4.7216e-02,0.0304812
4.7248e-02,0.0302937
4.7280e-02,0.0310719
4.7312e-02,0.0309594
4.7344e-02,0.0318531
4.7376e-02,0.0309812
4.7408e-02,0.0307594
4.7440e-02,0.0309656
4.7472e-02,0.031325
4.7504e-02,0.0305656
4.7536e-02,0.0311031
4.7568e-02,0.0315687
4.7600e-02,0.031225
4.7632e-02,0.031425
4.7664e-02,0.0320094
4.7696e-02,0.0320375
4.7728e-02,0.0309562
4.7760e-02,0.0303594
4.7792e-02,0.0306687
4.7824e-02,0.0311
4.7856e-02,0.03155
4.7888e-02,0.0311
4.7920e-02,0.0315531
4.7952e-02,0.031325
4.7984e-02,0.03115
4.8016e-02,0.0299
4.8048e-02,0.0302531
4.8080e-02,0.0293594
4.8112e-02,0.0286375
4.8144e-02,0.0283344
4.8176e-02,0.0279125
4.8208e-02,0.0284875
4.8240e-02,0.0288937
4.8272e-02,0.0309594
4.8304e-02,0.0311312
4.8336e-02,0.0310625
4.8368e-02,0.0312844
4.8400e-02,0.0309062
4.8432e-02,0.031075
4.8464e-02,0.0313
4.8496e-02,0.0316969
4.8528e-02,0.0329375
4.8560e-02,0.0341656
4.8592e-02,0.0338812
4.8624e-02,0.0335062
4.8656e-02,0.0338031
4.8688e-02,0.0344125
4.8720e-02,0.0349312
4.8752e-02,0.0345594
4.8784e-02,0.0356156
4.8816e-02,0.037725
4.8848e-02,0.0394031
4.8880e-02,0.0396687
4.8912e-02,0.0391375
4.8944e-02,0.03855
4.8976e-02,0.0403312
4.9008e-02,0.04305
4.9040e-02,0.0459156
4.9072e-02,0.0468656
4.9104e-02,0.0466187
4.9136e-02,0.0471062
4.9168e-02,0.0467562
4.9200e-02,0.0482437
4.9232e-02,0.0529125
4.9264e-02,0.0545781
4.9296e-02,0.0550031
4.9328e-02,0.0575781
4.9360e-02,0.0584812
4.9392e-02,0.0606125
4.9424e-02,0.0627687
4.9456e-02,0.0627187
4.9488e-02,0.0634531
4.9520e-02,0.0646812
4.9552e-02,0.065325
4.9584e-02,0.065425
4.9616e-02,0.0669937
4.9648e-02,0.0689125
4.9680e-02,0.0698031
4.9712e-02,0.0702594
4.9744e-02,0.0693
4.9776e-02,0.0692469
4.9808e-02,0.0692531
4.9840e-02,0.0703562
4.9872e-02,0.0710937
4.9904e-02,0.0718625
4.9936e-02,0.0739406
4.9968e-02,0.0745
5.0000e-02,0.0741781
5.0032e-02,0.07445
5.0064e-02,0.0743625
5.0096e-02,0.0739
5.0128e-02,0.0718625
5.0160e-02,0.0691437
5.0192e-02,0.0684
5.0224e-02,0.0670031
5.0256e-02,0.0649187
5.0288e-02,0.0626562
5.0320e-02,0.0607312
5.0352e-02,0.0595781
5.0384e-02,0.0581281
5.0416e-02,0.0571437
5.0448e-02,0.0566031
5.0480e-02,0.0551
5.0512e-02,0.0520906
5.0544e-02,0.0504906
5.0576e-02,0.0483281
5.0608e-02,0.0463
5.0640e-02,0.0463
5.0672e-02,0.0459312
5.0704e-02,0.0444344
5.0736e-02,0.04265
5.0768e-02,0.041025
5.0800e-02,0.0402844
5.0832e-02,0.0390625
5.0864e-02,0.0384875
5.0896e-02,0.0385375
5.0928e-02,0.0384719
5.0960e-02,0.0373625
5.0992e-02,0.0363812
5.1024e-02,0.0360125
5.1056e-02,0.0345437
5.1088e-02,0.0336437
5.1120e-02,0.0331625
5.1152e-02,0.0324187
5.1184e-02,0.0322344
5.1216e-02,0.0323062
5.1248e-02,0.0315625
5.1280e-02,0.0315125
5.1312e-02,0.0314906
5.1344e-02,0.0309094
5.1376e-02,0.030525
5.1408e-02,0.0306
5.1440e-02,0.0306219
5.1472e-02,0.0296469
5.1504e-02,0.0299625
5.1536e-02,0.0302719
5.1568e-02,0.0306406
5.1600e-02,0.0302187
5.1632e-02,0.0302656
5.1664e-02,0.0304562
5.1696e-02,0.0299906
5.1728e-02,0.0292594
5.1760e-02,0.0302219
5.1792e-02,0.0295875
5.1824e-02,0.0296375
5.1856e-02,0.0292781
5.1888e-02,0.0298875
5.1920e-02,0.03025
5.1952e-02,0.0303312
5.1984e-02,0.0295812
5.2016e-02,0.0287687
5.2048e-02,0.029
5.2080e-02,0.0289531
5.2112e-02,0.0303219
5.2144e-02,0.0293781
5.2176e-02,0.0291625
5.2208e-02,0.0287875
5.2240e-02,0.029
5.2272e-02,0.02875
5.2304e-02,0.0284375
5.2336e-02,0.0282937
5.2368e-02,0.0284656
5.2400e-02,0.0281687
5.2432e-02,0.0283969
5.2464e-02,0.0285094
5.2496e-02,0.02875
5.2528e-02,0.0282531
5.2560e-02,0.0285344
5.2592e-02,0.0282125
5.2624e-02,0.02765
5.2656e-02,0.0274125
5.2688e-02,0.0276375
5.2720e-02,0.0274062
5.2752e-02,0.0269625
5.2784e-02,0.0270844
5.2816e-02,0.0271312
5.2848e-02,0.0276375
5.2880e-02,0.0286469
5.2912e-02,0.0289375
5.2944e-02,0.0296219
5.2976e-02,0.0292406
5.3008e-02,0.0283312
5.3040e-02,0.0272531
5.3072e-02,0.0283906
5.3104e-02,0.0294812
5.3136e-02,0.0291219
5.3168e-02,0.0290281
5.3200e-02,0.0282031
5.3232e-02,0.0279031
5.3264e-02,0.0280875
5.3296e-02,0.0281125
5.3328e-02,0.0273937
5.3360e-02,0.02685
5.3392e-02,0.0268062
5.3424e-02,0.0274
5.3456e-02,0.0269906
5.3488e-02,0.0268656
5.3520e-02,0.0268844
5.3552e-02,0.0277562
5.3584e-02,0.0278937
5.3616e-02,0.0280469
5.3648e-02,0.0278156
5.3680e-02,0.027375
5.3712e-02,0.0275531
5.3744e-02,0.0277594
5.3776e-02,0.0276375
5.3808e-02,0.0276594
5.3840e-02,0.0277062
5.3872e-02,0.0279281
5.3904e-02,0.027925
5.3936e-02,0.0277156
5.3968e-02,0.0280781
5.4000e-02,0.0283156
5.4032e-02,0.02795
5.4064e-02,0.0282062
5.4096e-02,0.0288469
5.4128e-02,0.028175
5.4160e-02,0.0281875
5.4192e-02,0.0279406
5.4224e-02,0.0283469
5.4256e-02,0.0301469
5.4288e-02,0.0303156
5.4320e-02,0.0300125
5.4352e-02,0.0292281
5.4384e-02,0.0296781
5.4416e-02,0.0297562
5.4448e-02,0.0294812
5.4480e-02,0.0286562
5.4512e-02,0.02845
5.4544e-02,0.028325
5.4576e-02,0.0285344
5.4608e-02,0.0285156
5.4640e-02,0.0286187
5.4672e-02,0.0286406
5.4704e-02,0.0286687
5.4736e-02,0.0290031
5.4768e-02,0.0293969
5.4800e-02,0.0302594
5.4832e-02,0.0303219
5.4864e-02,0.0299844
5.4896e-02,0.0294344
5.4928e-02,0.0281062
5.4960e-02,0.0278594
5.4992e-02,0.0280656
5.5024e-02,0.0284781
5.5056e-02,0.0283687
5.5088e-02,0.0287812
5.5120e-02,0.0285875
5.5152e-02,0.0290906
5.5184e-02,0.0301625
5.5216e-02,0.0297406
5.5248e-02,0.0306281
5.5280e-02,0.0305
5.5312e-02,0.0297937
5.5344e-02,0.0288469
5.5376e-02,0.0287094
5.5408e-02,0.0288531
5.5440e-02,0.0292187
5.5472e-02,0.0290906
5.5504e-02,0.0295937
5.5536e-02,0.0301906
5.5568e-02,0.0300312
5.5600e-02,0.0293062
5.5632e-02,0.0290719
5.5664e-02,0.0289187
5.5696e-02,0.0286844
5.5728e-02,0.0279969
5.5760e-02,0.0276437
5.5792e-02,0.0276344
5.5824e-02,0.0279187
5.5856e-02,0.0288969
5.5888e-02,0.0288281
5.5920e-02,0.028525
5.5952e-02,0.0294531
5.5984e-02,0.0303
5.6016e-02,0.0298531
5.6048e-02,0.0293281
5.6080e-02,0.027975
5.6112e-02,0.0274469
5.6144e-02,0.0274719
5.6176e-02,0.0277344
5.6208e-02,0.0278906
5.6240e-02,0.0278844
5.6272e-02,0.0274156
5.6304e-02,0.028675
5.6336e-02,0.0284656
5.6368e-02,0.0286562
5.6400e-02,0.0282062
5.6432e-02,0.0274844
5.6464e-02,0.0273937
5.6496e-02,0.0281031
5.6528e-02,0.0288656
5.6560e-02,0.0289594
5.6592e-02,0.028525
5.6624e-02,0.0288406
5.6656e-02,0.0282406
5.6688e-02,0.02835
5.6720e-02,0.0283656
5.6752e-02,0.0280281
5.6784e-02,0.0280531
5.6816e-02,0.02835
5.6848e-02,0.0286656
5.6880e-02,0.0290406
5.6912e-02,0.0284812
5.6944e-02,0.0280594
5.6976e-02,0.0278562
5.7008e-02,0.0272969
5.7040e-02,0.0271937
5.7072e-02,0.0269125
5.7104e-02,0.0270187
5.7136e-02,0.0261656
5.7168e-02,0.0262281
5.7200e-02,0.02645
5.7232e-02,0.0261969
5.7264e-02,0.0259719
5.7296e-02,0.0258656
5.7328e-02,0.0261312
5.7360e-02,0.0269
5.7392e-02,0.0266156
5.7424e-02,0.0266719
5.7456e-02,0.0270219
5.7488e-02,0.026825
5.7520e-02,0.0269594
5.7552e-02,0.0266875
5.7584e-02,0.0262687
5.7616e-02,0.0268125
5.7648e-02,0.026975
5.7680e-02,0.0277375
5.7712e-02,0.0273656
5.7744e-02,0.0271781
5.7776e-02,0.0283125
5.7808e-02,0.0297344
5.7840e-02,0.0293687
5.7872e-02,0.0288656
5.7904e-02,0.028225
5.7936e-02,0.0281437
5.7968e-02,0.02795
5.8000e-02,0.0279156
5.8032e-02,0.0273969
5.8064e-02,0.0282312
5.8096e-02,0.0283187
5.8128e-02,0.0283281
5.8160e-02,0.0281844
5.8192e-02,0.0274156
5.8224e-02,0.0276656
5.8256e-02,0.0276875
5.8288e-02,0.0278937
5.8320e-02,0.0272406
5.8352e-02,0.0271937
5.8384e-02,0.0279219
5.8416e-02,0.0285781
5.8448e-02,0.0280125
5.8480e-02,0.0269844
5.8512e-02,0.0266469
5.8544e-02,0.0275687
5.8576e-02,0.0287281
5.8608e-02,0.0286187
5.8640e-02,0.0285344
5.8672e-02,0.0278219
5.8704e-02,0.0267844
5.8736e-02,0.0270625
5.8768e-02,0.027025
5.8800e-02,0.0269812
5.8832e-02,0.0269
5.8864e-02,0.0266906
5.8896e-02,0.0264562
5.8928e-02,0.0262906
5.8960e-02,0.0269281
5.8992e-02,0.0276437
5.9024e-02,0.0274219
5.9056e-02,0.0270406
5.9088e-02,0.0273437
5.9120e-02,0.0283156
5.9152e-02,0.0292937
5.9184e-02,0.0291906
5.9216e-02,0.0291031
5.9248e-02,0.0288625
5.9280e-02,0.0285281
5.9312e-02,0.0274
5.9344e-02,0.0271687
5.9376e-02,0.0280281
5.9408e-02,0.0285
5.9440e-02,0.0289406
5.9472e-02,0.0281656
5.9504e-02,0.0283875
5.9536e-02,0.0286344
5.9568e-02,0.029825
5.9600e-02,0.029875
5.9632e-02,0.0300469
5.9664e-02,0.0299344
5.9696e-02,0.0305219
5.9728e-02,0.0318312
5.9760e-02,0.0336719
5.9792e-02,0.0336
5.9824e-02,0.0333125
5.9856e-02,0.0335312
5.9888e-02,0.0347719
5.9920e-02,0.0362312
5.9952e-02,0.0371594
5.9984e-02,0.0377
6.0016e-02,0.0389594
6.0048e-02,0.0400656
6.0080e-02,0.0405125
6.0112e-02,0.0413406
6.0144e-02,0.0416406
6.0176e-02,0.0426406
6.0208e-02,0.0439594
6.0240e-02,0.0460344
6.0272e-02,0.0470781
6.0304e-02,0.0482281
6.0336e-02,0.0480469
6.0368e-02,0.049575
6.0400e-02,0.0513781
6.0432e-02,0.0536312
6.0464e-02,0.0560375
6.0496e-02,0.0568344
6.0528e-02,0.0579375
6.0560e-02,0.059375
6.0592e-02,0.0625969
6.0624e-02,0.0640031
6.0656e-02,0.0671219
6.0688e-02,0.0690656
6.0720e-02,0.0689156
6.0752e-02,0.0698594
6.0784e-02,0.0731281
6.0816e-02,0.0745469
6.0848e-02,0.0752594
6.0880e-02,0.0769625
6.0912e-02,0.0769562
6.0944e-02,0.0755469
6.0976e-02,0.0755406
6.1008e-02,0.0744344
6.1040e-02,0.0737687
6.1072e-02,0.0736031
6.1104e-02,0.0748094
6.1136e-02,0.07555
6.1168e-02,0.0743187
6.1200e-02,0.0748969
6.1232e-02,0.0745344
6.1264e-02,0.0751125
6.1296e-02,0.075275
6.1328e-02,0.0749406
6.1360e-02,0.074225
6.1392e-02,0.0728469
6.1424e-02,0.0731719
6.1456e-02,0.0728469
6.1488e-02,0.0720187
6.1520e-02,0.0709719
6.1552e-02,0.0696031
6.1584e-02,0.0675875
6.1616e-02,0.0661562
6.1648e-02,0.0632219
6.1680e-02,0.0602125
6.1712e-02,0.0609312
6.1744e-02,0.0600562
6.1776e-02,0.0591906
6.1808e-02,0.0583562
6.1840e-02,0.0572281
6.1872e-02,0.0548469
6.1904e-02,0.0527187
6.1936e-02,0.0504594
6.1968e-02,0.0493844
6.2000e-02,0.0485
6.2032e-02,0.0465344
6.2064e-02,0.0442906
6.2096e-02,0.0432344
6.2128e-02,0.0433562
6.2160e-02,0.042825
6.2192e-02,0.0425875
6.2224e-02,0.0409812
6.2256e-02,0.0395375
6.2288e-02,0.03775
6.2320e-02,0.0372156
6.2352e-02,0.0363031
6.2384e-02,0.03525
6.2416e-02,0.0339281
6.2448e-02,0.0340406
6.2480e-02,0.0339781
6.2512e-02,0.0332312
6.2544e-02,0.0330562
6.2576e-02,0.0333125
6.2608e-02,0.0327812
6.2640e-02,0.0319344
6.2672e-02,0.0315781
6.2704e-02,0.0321312
6.2736e-02,0.0314125
6.2768e-02,0.0301875
6.2800e-02,0.0300344
6.2832e-02,0.0286812
6.2864e-02,0.0285187
6.2896e-02,0.0283281
6.2928e-02,0.0286906
6.2960e-02,0.0287375
6.2992e-02,0.0288562
6.3024e-02,0.0290281
6.3056e-02,0.0292281
6.3088e-02,0.0292937
6.3120e-02,0.0287656
6.3152e-02,0.0280187
6.3184e-02,0.0286875
6.3216e-02,0.02925
6.3248e-02,0.0298062
6.3280e-02,0.0302562
6.3312e-02,0.0307219
6.3344e-02,0.03025
6.3376e-02,0.0292656
6.3408e-02,0.0283031
6.3440e-02,0.0281062
6.3472e-02,0.0275625
6.3504e-02,0.0273406
6.3536e-02,0.0277031
6.3568e-02,0.0281594
6.3600e-02,0.0284875
6.3632e-02,0.0279187
6.3664e-02,0.0274562
6.3696e-02,0.0272344
6.3728e-02,0.0273969
6.3760e-02,0.0270844
6.3792e-02,0.0267781
6.3824e-02,0.0267562
6.3856e-02,0.0265656
6.3888e-02,0.0261875
6.3920e-02,0.0256406
6.3952e-02,0.0265562
6.3984e-02,0.0264281
6.4016e-02,0.0267125
6.4048e-02,0.0268094
6.4080e-02,0.0268469
6.4112e-02,0.0273031
6.4144e-02,0.0274469
6.4176e-02,0.0286281
6.4208e-02,0.0287187
6.4240e-02,0.0285406
6.4272e-02,0.02845
6.4304e-02,0.0276937
6.4336e-02,0.0280281
6.4368e-02,0.0285625
6.4400e-02,0.0284031
6.4432e-02,0.0284281
6.4464e-02,0.027675
6.4496e-02,0.0282
6.4528e-02,0.0280125
6.4560e-02,0.0277594
6.4592e-02,0.0281125
6.4624e-02,0.0282031
6.4656e-02,0.0290437
6.4688e-02,0.0285625
6.4720e-02,0.0278094
6.4752e-02,0.0271375
6.4784e-02,0.0269156
6.4816e-02,0.0265531
6.4848e-02,0.0265562
6.4880e-02,0.0267281
6.4912e-02,0.0275094
6.4944e-02,0.0283
6.4976e-02,0.0281969
6.5008e-02,0.0282375
6.5040e-02,0.0285906
6.5072e-02,0.0287937
6.5104e-02,0.0289719
6.5136e-02,0.0287219
6.5168e-02,0.0279781
6.5200e-02,0.0275719
6.5232e-02,0.0279437
6.5264e-02,0.0279781
6.5296e-02,0.0279625
6.5328e-02,0.0274375
6.5360e-02,0.0278562
6.5392e-02,0.0273969
6.5424e-02,0.0279437
6.5456e-02,0.0276875
6.5488e-02,0.0271094
6.5520e-02,0.0265375
6.5552e-02,0.026
6.5584e-02,0.0267125
6.5616e-02,0.0272094
6.5648e-02,0.0270562
6.5680e-02,0.0269469
6.5712e-02,0.0275094
6.5744e-02,0.0281156
6.5776e-02,0.028175
6.5808e-02,0.0286594
6.5840e-02,0.0303531
6.5872e-02,0.0312469
6.5904e-02,0.0314156
6.5936e-02,0.0305594
6.5968e-02,0.0296375
6.6000e-02,0.0291406
6.6032e-02,0.0289656
6.6064e-02,0.0283906
6.6096e-02,0.02745
6.6128e-02,0.0261969
6.6160e-02,0.0266594
6.6192e-02,0.0276375
6.6224e-02,0.0285531
6.6256e-02,0.0282562
6.6288e-02,0.027675
6.6320e-02,0.0276656
6.6352e-02,0.0282562
6.6384e-02,0.0289094
6.6416e-02,0.0289469
6.6448e-02,0.0289094
6.6480e-02,0.0280219
6.6512e-02,0.0276156
6.6544e-02,0.0271281
6.6576e-02,0.0271031
6.6608e-02,0.0283656
6.6640e-02,0.0292844
6.6672e-02,0.0302719
6.6704e-02,0.0307062
6.6736e-02,0.0306219
6.6768e-02,0.0302906
6.6800e-02,0.0298625
6.6832e-02,0.0296937
6.6864e-02,0.0303344
6.6896e-02,0.0289437
6.6928e-02,0.0283656
6.6960e-02,0.0287719
6.6992e-02,0.0285094
6.7024e-02,0.0281906
6.7056e-02,0.0282312
6.7088e-02,0.0277
6.7120e-02,0.0283625
6.7152e-02,0.0293375
6.7184e-02,0.0298656
6.7216e-02,0.0300375
6.7248e-02,0.0298062
6.7280e-02,0.0295437
6.7312e-02,0.0282875
6.7344e-02,0.0285781
6.7376e-02,0.0283469
6.7408e-02,0.0285625
6.7440e-02,0.029475
6.7472e-02,0.0298
6.7504e-02,0.0302656
6.7536e-02,0.0299094
6.7568e-02,0.0300531
6.7600e-02,0.029525
6.7632e-02,0.0295812
6.7664e-02,0.0291469
6.7696e-02,0.0297094
6.7728e-02,0.0296562
6.7760e-02,0.0297406
6.7792e-02,0.0297875
6.7824e-02,0.0299844
6.7856e-02,0.0300094
6.7888e-02,0.0291219
6.7920e-02,0.0293156
6.7952e-02,0.0294031
6.7984e-02,0.0298969
6.8016e-02,0.0307875
6.8048e-02,0.0311
6.8080e-02,0.0312937
6.8112e-02,0.0315187
6.8144e-02,0.0322031
6.8176e-02,0.0319437
6.8208e-02,0.0317062
6.8240e-02,0.0315656
6.8272e-02,0.0321281
6.8304e-02,0.0321875
6.8336e-02,0.0312656
6.8368e-02,0.0314
6.8400e-02,0.0324781
6.8432e-02,0.0330875
6.8464e-02,0.0343125
6.8496e-02,0.034275
6.8528e-02,0.033825
6.8560e-02,0.0345406
6.8592e-02,0.0354375
6.8624e-02,0.0355344
6.8656e-02,0.0351406
6.8688e-02,0.0357125
6.8720e-02,0.0368937
6.8752e-02,0.03785
6.8784e-02,0.0382594
6.8816e-02,0.0396781
6.8848e-02,0.040825
6.8880e-02,0.041525
6.8912e-02,0.043425
6.8944e-02,0.0451156
6.8976e-02,0.046725
6.9008e-02,0.049025
6.9040e-02,0.05075
6.9072e-02,0.052325
6.9104e-02,0.0530906
6.9136e-02,0.0535187
6.9168e-02,0.0557281
6.9200e-02,0.0561219
6.9232e-02,0.0568406
6.9264e-02,0.0587062
6.9296e-02,0.0610187
6.9328e-02,0.0614312
6.9360e-02,0.0622656
6.9392e-02,0.0641531
6.9424e-02,0.0657719
6.9456e-02,0.0665
6.9488e-02,0.0673469
6.9520e-02,0.0673969
6.9552e-02,0.0687656
6.9584e-02,0.068875
6.9616e-02,0.0672656
6.9648e-02,0.0680469
6.9680e-02,0.0702937
6.9712e-02,0.0702437
6.9744e-02,0.0705031
6.9776e-02,0.0691531
6.9808e-02,0.0681906
6.9840e-02,0.0687062
6.9872e-02,0.0694281
6.9904e-02,0.0691031
6.9936e-02,0.0681969
6.9968e-02,0.0668844
7.0000e-02,0.0660219
7.0032e-02,0.06435
7.0064e-02,0.0640062
7.0096e-02,0.0618219
7.0128e-02,0.0617656
7.0160e-02,0.0615937
7.0192e-02,0.0600469
7.0224e-02,0.0587594
7.0256e-02,0.0583594
7.0288e-02,0.0566344
7.0320e-02,0.0547156
7.0352e-02,0.0528469
7.0384e-02,0.050575
7.0416e-02,0.0473344
7.0448e-02,0.0452687
7.0480e-02,0.0436531
7.0512e-02,0.0418187
7.0544e-02,0.0406969
7.0576e-02,0.0401844
7.0608e-02,0.0388437
7.0640e-02,0.0371531
7.0672e-02,0.0365844
7.0704e-02,0.0363312
7.0736e-02,0.0359906
7.0768e-02,0.0342562
7.0800e-02,0.0329875
7.0832e-02,0.0327031
7.0864e-02,0.0322312
7.0896e-02,0.032325
7.0928e-02,0.0314687
7.0960e-02,0.0311312
7.0992e-02,0.0313219
7.1024e-02,0.0313187
7.1056e-02,0.03115
7.1088e-02,0.0324094
7.1120e-02,0.03325
7.1152e-02,0.0341562
7.1184e-02,0.0326031
7.1216e-02,0.0313969
7.1248e-02,0.0310719
7.1280e-02,0.0306312
7.1312e-02,0.0300937
7.1344e-02,0.0295094
7.1376e-02,0.0293594
7.1408e-02,0.0291625
7.1440e-02,0.0292312
7.1472e-02,0.0290156
7.1504e-02,0.0288031
7.1536e-02,0.028675
7.1568e-02,0.0291812
7.1600e-02,0.0304031
7.1632e-02,0.0296781
7.1664e-02,0.0297531
7.1696e-02,0.0300875
7.1728e-02,0.0293125
7.1760e-02,0.0297281
7.1792e-02,0.0290906
7.1824e-02,0.0282469
7.1856e-02,0.0285031
7.1888e-02,0.0286719
7.1920e-02,0.0283437
7.1952e-02,0.0278437
7.1984e-02,0.0279125
7.2016e-02,0.0286187
7.2048e-02,0.0291812
7.2080e-02,0.0290187
7.2112e-02,0.0285812
7.2144e-02,0.0288719
7.2176e-02,0.0289562
7.2208e-02,0.0284969
7.2240e-02,0.0290094
7.2272e-02,0.0299625
7.2304e-02,0.0293969
7.2336e-02,0.0288562
7.2368e-02,0.0284625
7.2400e-02,0.0289375
7.2432e-02,0.0293437
7.2464e-02,0.0291562
7.2496e-02,0.0283437
7.2528e-02,0.0283531
7.2560e-02,0.0280031
7.2592e-02,0.0280469
7.2624e-02,0.0285906
7.2656e-02,0.028775
7.2688e-02,0.0287969
7.2720e-02,0.0281437
7.2752e-02,0.0289437
7.2784e-02,0.0291156
7.2816e-02,0.0284187
7.2848e-02,0.0278625
7.2880e-02,0.0285156
7.2912e-02,0.0294
7.2944e-02,0.0294219
7.2976e-02,0.0290937
7.3008e-02,0.0280594
7.3040e-02,0.0274781
7.3072e-02,0.0267125
7.3104e-02,0.0268375
7.3136e-02,0.0275281
7.3168e-02,0.0279406
7.3200e-02,0.02835
7.3232e-02,0.0286344
7.3264e-02,0.0291625
7.3296e-02,0.0289937
7.3328e-02,0.0293156
7.3360e-02,0.0284719
7.3392e-02,0.0282687
7.3424e-02,0.0279812
7.3456e-02,0.0282437
7.3488e-02,0.0279094
7.3520e-02,0.0277625
7.3552e-02,0.0276406
7.3584e-02,0.0277719
7.3616e-02,0.0274344
7.3648e-02,0.0276031
7.3680e-02,0.0273094
7.3712e-02,0.0277062
7.3744e-02,0.0278031
7.3776e-02,0.0279906
7.3808e-02,0.0277562
7.3840e-02,0.0288187
7.3872e-02,0.0304031
7.3904e-02,0.0301406
7.3936e-02,0.0301
7.3968e-02,0.0299156
7.4000e-02,0.0295906
7.4032e-02,0.028875
7.4064e-02,0.0279156
7.4096e-02,0.0274812
7.4128e-02,0.027925
7.4160e-02,0.0290437
7.4192e-02,0.0291156
7.4224e-02,0.0288094
7.4256e-02,0.0288844
7.4288e-02,0.0287781
7.4320e-02,0.0288937
7.4352e-02,0.0286844
7.4384e-02,0.0285125
7.4416e-02,0.0282812
7.4448e-02,0.0284594
7.4480e-02,0.0294344
7.4512e-02,0.0297219
7.4544e-02,0.0296406
7.4576e-02,0.0306187
7.4608e-02,0.0304469
7.4640e-02,0.0298469
7.4672e-02,0.0304562
7.4704e-02,0.0311469
7.4736e-02,0.0307125
7.4768e-02,0.0308406
7.4800e-02,0.0307687
7.4832e-02,0.0304156
7.4864e-02,0.0293125
7.4896e-02,0.0293281
7.4928e-02,0.0290031
7.4960e-02,0.0293562
7.4992e-02,0.0301594
7.5024e-02,0.0303656
7.5056e-02,0.0303906
7.5088e-02,0.0297844
7.5120e-02,0.0289062
7.5152e-02,0.0290469
7.5184e-02,0.0288719
7.5216e-02,0.0285687
7.5248e-02,0.0293375
7.5280e-02,0.0291187
7.5312e-02,0.0287562
7.5344e-02,0.0286687
7.5376e-02,0.0291625
7.5408e-02,0.0292625
7.5440e-02,0.0288437
7.5472e-02,0.0287187
7.5504e-02,0.0289625
7.5536e-02,0.0284375
7.5568e-02,0.0283312
7.5600e-02,0.0281969
7.5632e-02,0.02835
7.5664e-02,0.0281469
7.5696e-02,0.0284531
7.5728e-02,0.0289844
7.5760e-02,0.0285812
7.5792e-02,0.02865
7.5824e-02,0.0289719
7.5856e-02,0.0281594
7.5888e-02,0.0270531
7.5920e-02,0.02665
7.5952e-02,0.0272719
7.5984e-02,0.0277469
7.6016e-02,0.0280687
7.6048e-02,0.0282406
7.6080e-02,0.0287656
7.6112e-02,0.0288344
7.6144e-02,0.0285875
7.6176e-02,0.0270812
7.6208e-02,0.0261094
7.6240e-02,0.0255156
7.6272e-02,0.0261531
7.6304e-02,0.0263469
7.6336e-02,0.0276219
7.6368e-02,0.0276031
7.6400e-02,0.02675
7.6432e-02,0.0264781
7.6464e-02,0.0264094
7.6496e-02,0.0270469
7.6528e-02,0.0274875
7.6560e-02,0.02725
7.6592e-02,0.0271562
7.6624e-02,0.02775
7.6656e-02,0.0280875
7.6688e-02,0.0271531
7.6720e-02,0.0271156
7.6752e-02,0.026725
7.6784e-02,0.0269844
7.6816e-02,0.0270937
7.6848e-02,0.0271281
7.6880e-02,0.0278437
7.6912e-02,0.0280281
7.6944e-02,0.028075
7.6976e-02,0.0276469
7.7008e-02,0.0268187
7.7040e-02,0.0266062
7.7072e-02,0.0271312
7.7104e-02,0.0271062
7.7136e-02,0.0270031
7.7168e-02,0.0274344
7.7200e-02,0.0276781
7.7232e-02,0.0278062
7.7264e-02,0.0272969
7.7296e-02,0.0275219
7.7328e-02,0.0272969
7.7360e-02,0.0270969
7.7392e-02,0.0264937
7.7424e-02,0.0270187
7.7456e-02,0.027075
7.7488e-02,0.0274312
7.7520e-02,0.0276875
7.7552e-02,0.0277969
7.7584e-02,0.02755
7.7616e-02,0.0274031
7.7648e-02,0.0279219
7.7680e-02,0.0280937
7.7712e-02,0.0275594
7.7744e-02,0.0275875
7.7776e-02,0.0275344
7.7808e-02,0.0271125
7.7840e-02,0.0265
7.7872e-02,0.0265937
7.7904e-02,0.0270687
7.7936e-02,0.0273281
7.7968e-02,0.0278687
7.8000e-02,0.0274812
7.8032e-02,0.02725
7.8064e-02,0.0268094
7.8096e-02,0.0262812
7.8128e-02,0.0270062
7.8160e-02,0.0279375
7.8192e-02,0.02855
7.8224e-02,0.0288812
7.8256e-02,0.0287906
7.8288e-02,0.0283
7.8320e-02,0.0283844
7.8352e-02,0.028725
7.8384e-02,0.0289781
7.8416e-02,0.0289281
7.8448e-02,0.0290219
7.8480e-02,0.0294656
7.8512e-02,0.0286781
7.8544e-02,0.029575
7.8576e-02,0.0306062
7.8608e-02,0.0310125
7.8640e-02,0.0301156
7.8672e-02,0.0301562
7.8704e-02,0.0301656
7.8736e-02,0.0297406
7.8768e-02,0.0294562
7.8800e-02,0.0304594
7.8832e-02,0.0303687
7.8864e-02,0.0307531
7.8896e-02,0.0314594
7.8928e-02,0.0341344
7.8960e-02,0.0349875
7.8992e-02,0.0360875
7.9024e-02,0.0369969
7.9056e-02,0.0375656
7.9088e-02,0.0389531
7.9120e-02,0.0401281
7.9152e-02,0.0420062
7.9184e-02,0.0428437
7.9216e-02,0.0436469
7.9248e-02,0.0453125
7.9280e-02,0.0463375
7.9312e-02,0.0459656
7.9344e-02,0.0475312
7.9376e-02,0.0492312
7.9408e-02,0.0502406
7.9440e-02,0.0526437
7.9472e-02,0.0543625
7.9504e-02,0.0545125
7.9536e-02,0.0578562
7.9568e-02,0.0572281
7.9600e-02,0.0584844
7.9632e-02,0.0588469
7.9664e-02,0.0601344
7.9696e-02,0.0623125
7.9728e-02,0.0637594
7.9760e-02,0.0670781
7.9792e-02,0.0696812
7.9824e-02,0.0710812
7.9856e-02,0.0714656
7.9888e-02,0.0714937
7.9920e-02,0.0708062
7.9952e-02,0.0713281
7.9984e-02,0.0700219
8.0016e-02,0.0688906
8.0048e-02,0.0708625
8.0080e-02,0.0733031
8.0112e-02,0.0760687
8.0144e-02,0.0756344
8.0176e-02,0.0747125
8.0208e-02,0.0741125
8.0240e-02,0.0749062
8.0272e-02,0.0745187
8.0304e-02,0.0751187
8.0336e-02,0.0737875
8.0368e-02,0.07045
8.0400e-02,0.06995
8.0432e-02,0.0709406
8.0464e-02,0.0707344
8.0496e-02,0.0692656
8.0528e-02,0.0669125
8.0560e-02,0.0641281
8.0592e-02,0.0634437
8.0624e-02,0.0636375
8.0656e-02,0.0632344
8.0688e-02,0.0607594
8.0720e-02,0.0586375
8.0752e-02,0.05685
8.0784e-02,0.056825
8.0816e-02,0.0559219
8.0848e-02,0.0546312
8.0880e-02,0.0525062
8.0912e-02,0.0514281
8.0944e-02,0.0494062
8.0976e-02,0.0481094
8.1008e-02,0.0468625
8.1040e-02,0.0468687
8.1072e-02,0.045575
8.1104e-02,0.0439812
8.1136e-02,0.0429
8.1168e-02,0.0409031
8.1200e-02,0.0400406
8.1232e-02,0.0395531
8.1264e-02,0.0382
8.1296e-02,0.0365812
8.1328e-02,0.0362031
8.1360e-02,0.0355656
8.1392e-02,0.0347937
8.1424e-02,0.033725
8.1456e-02,0.0325656
8.1488e-02,0.0322094
8.1520e-02,0.0325
8.1552e-02,0.032025
8.1584e-02,0.0310969
8.1616e-02,0.0307875
8.1648e-02,0.0306969
8.1680e-02,0.0300812
8.1712e-02,0.0298469
8.1744e-02,0.0299719
8.1776e-02,0.0300531
8.1808e-02,0.0297375
8.1840e-02,0.0289375
8.1872e-02,0.02885
8.1904e-02,0.0295687
8.1936e-02,0.0293594
8.1968e-02,0.0293
8.2000e-02,0.0286
8.2032e-02,0.0283344
8.2064e-02,0.0285656
8.2096e-02,0.0284406
8.2128e-02,0.0283375
8.2160e-02,0.0288094
8.2192e-02,0.0294437
8.2224e-02,0.0293406
8.2256e-02,0.0288
8.2288e-02,0.0281
8.2320e-02,0.0268781
8.2352e-02,0.0262031
8.2384e-02,0.0264687
8.2416e-02,0.0262281
8.2448e-02,0.0263281
8.2480e-02,0.0265594
8.2512e-02,0.0262781
8.2544e-02,0.0262125
8.2576e-02,0.0267812
8.2608e-02,0.0273375
8.2640e-02,0.0280437
8.2672e-02,0.0274531
8.2704e-02,0.0270156
8.2736e-02,0.0273031
8.2768e-02,0.0283312
8.2800e-02,0.0276219
8.2832e-02,0.0269062
8.2864e-02,0.0267406
8.2896e-02,0.0272687
8.2928e-02,0.027925
8.2960e-02,0.0277
8.2992e-02,0.0269281
8.3024e-02,0.0270844
8.3056e-02,0.0263656
8.3088e-02,0.0263687
8.3120e-02,0.0264781
8.3152e-02,0.0268281
8.3184e-02,0.0275687
8.3216e-02,0.02755
8.3248e-02,0.0275312
8.3280e-02,0.0270125
8.3312e-02,0.0274437
8.3344e-02,0.0279844
8.3376e-02,0.0284219
8.3408e-02,0.0283437
8.3440e-02,0.0279062
8.3472e-02,0.0270781
8.3504e-02,0.0267562
8.3536e-02,0.0263156
8.3568e-02,0.0267625
8.3600e-02,0.0279312
8.3632e-02,0.0278719
8.3664e-02,0.0276719
8.3696e-02,0.0289219
8.3728e-02,0.0285469
8.3760e-02,0.0278656
8.3792e-02,0.0276281
8.3824e-02,0.0272969
8.3856e-02,0.0280375
8.3888e-02,0.0289812
8.3920e-02,0.0281812
8.3952e-02,0.0279594
8.3984e-02,0.0282937
8.4016e-02,0.0293094
8.4048e-02,0.0296687
8.4080e-02,0.0301812
8.4112e-02,0.0304625
8.4144e-02,0.0299906
8.4176e-02,0.0299031
8.4208e-02,0.0291594
8.4240e-02,0.0290812
8.4272e-02,0.0289031
8.4304e-02,0.0297344
8.4336e-02,0.0294062
8.4368e-02,0.0286344
8.4400e-02,0.0284812
8.4432e-02,0.0300937
8.4464e-02,0.0297937
8.4496e-02,0.02935
8.4528e-02,0.0282531
8.4560e-02,0.0275781
8.4592e-02,0.0286781
8.4624e-02,0.0287875
8.4656e-02,0.0290375
8.4688e-02,0.0282312
8.4720e-02,0.0279156
8.4752e-02,0.0283469
8.4784e-02,0.0283094
8.4816e-02,0.0282656
8.4848e-02,0.0287844
8.4880e-02,0.0289
8.4912e-02,0.0286125
8.4944e-02,0.0279156
8.4976e-02,0.0275844
8.5008e-02,0.0282375
8.5040e-02,0.0285531
8.5072e-02,0.0277344
8.5104e-02,0.027325
8.5136e-02,0.0272125
8.5168e-02,0.027575
8.5200e-02,0.0280344
8.5232e-02,0.0285812
8.5264e-02,0.0287406
8.5296e-02,0.0291969
8.5328e-02,0.0293469
8.5360e-02,0.0290812
8.5392e-02,0.0291719
8.5424e-02,0.0297187
8.5456e-02,0.0292
8.5488e-02,0.0289062
8.5520e-02,0.0294969
8.5552e-02,0.0292844
8.5584e-02,0.0292
8.5616e-02,0.0287844
8.5648e-02,0.0288531
8.5680e-02,0.0281812
8.5712e-02,0.0284469
8.5744e-02,0.0287312
8.5776e-02,0.0290875
8.5808e-02,0.0291031
8.5840e-02,0.0303594
8.5872e-02,0.0304094
8.5904e-02,0.0304125
8.5936e-02,0.03055
8.5968e-02,0.0310937
8.6000e-02,0.0305625
8.6032e-02,0.0298125
8.6064e-02,0.0300281
8.6096e-02,0.0303344
8.6128e-02,0.0304281
8.6160e-02,0.0289312
8.6192e-02,0.02915
8.6224e-02,0.0307344
8.6256e-02,0.03075
8.6288e-02,0.03195
8.6320e-02,0.0318531
8.6352e-02,0.0311219
8.6384e-02,0.0303094
8.6416e-02,0.0301094
8.6448e-02,0.0301531
8.6480e-02,0.0305219
8.6512e-02,0.0304969
8.6544e-02,0.0301625
8.6576e-02,0.0296937
8.6608e-02,0.0289875
8.6640e-02,0.0297062
8.6672e-02,0.0306219
8.6704e-02,0.0314344
8.6736e-02,0.03135
8.6768e-02,0.0316219
8.6800e-02,0.0309344
8.6832e-02,0.0305219
8.6864e-02,0.0307656
8.6896e-02,0.031325
8.6928e-02,0.0317219
8.6960e-02,0.03135
8.6992e-02,0.0313187
8.7024e-02,0.030875
8.7056e-02,0.0312094
8.7088e-02,0.0313812
8.7120e-02,0.0323531
8.7152e-02,0.0326281
8.7184e-02,0.0328781
8.7216e-02,0.0339375
8.7248e-02,0.0348812
8.7280e-02,0.0345062
8.7312e-02,0.0346781
8.7344e-02,0.0360687
8.7376e-02,0.0367406
8.7408e-02,0.0370937
8.7440e-02,0.0386781
8.7472e-02,0.0405594
8.7504e-02,0.0416469
8.7536e-02,0.0424875
8.7568e-02,0.0428625
8.7600e-02,0.0431781
8.7632e-02,0.0447625
8.7664e-02,0.0455687
8.7696e-02,0.0474437
8.7728e-02,0.05095
8.7760e-02,0.0537469
8.7792e-02,0.055575
8.7824e-02,0.0567937
8.7856e-02,0.0575844
8.7888e-02,0.0592562
8.7920e-02,0.0594031
8.7952e-02,0.0604125
8.7984e-02,0.0616344
8.8016e-02,0.0635094
8.8048e-02,0.0650125
8.8080e-02,0.0666375
8.8112e-02,0.067125
8.8144e-02,0.0669406
8.8176e-02,0.0675531
8.8208e-02,0.0678875
8.8240e-02,0.0677187
8.8272e-02,0.0680406
8.8304e-02,0.0678187
8.8336e-02,0.0684187
8.8368e-02,0.0681094
8.8400e-02,0.0675781
8.8432e-02,0.0674625
8.8464e-02,0.0664625
8.8496e-02,0.0667719
8.8528e-02,0.0684406
8.8560e-02,0.0672969
8.8592e-02,0.0660781
8.8624e-02,0.066825
8.8656e-02,0.0655812
8.8688e-02,0.0614344
8.8720e-02,0.0582312
8.8752e-02,0.0571406
8.8784e-02,0.0563375
8.8816e-02,0.0566875
8.8848e-02,0.0555937
8.8880e-02,0.0545687
8.8912e-02,0.0534375
8.8944e-02,0.0523406
8.8976e-02,0.0516844
8.9008e-02,0.0500687
8.9040e-02,0.0477375
8.9072e-02,0.0458469
8.9104e-02,0.0447937
8.9136e-02,0.04275
8.9168e-02,0.0408937
8.9200e-02,0.0408406
8.9232e-02,0.0405437
8.9264e-02,0.0398
8.9296e-02,0.0389469
8.9328e-02,0.0372312
8.9360e-02,0.0372125
8.9392e-02,0.0367156
8.9424e-02,0.0365906
8.9456e-02,0.0349687
8.9488e-02,0.0343406
8.9520e-02,0.0332719
8.9552e-02,0.0330312
8.9584e-02,0.03215
8.9616e-02,0.0316937
8.9648e-02,0.0312906
8.9680e-02,0.0303625
8.9712e-02,0.0313281
8.9744e-02,0.0320812
8.9776e-02,0.0321594
8.9808e-02,0.0314187
8.9840e-02,0.0300812
8.9872e-02,0.0306656
8.9904e-02,0.030975
8.9936e-02,0.0312812
8.9968e-02,0.0307625
9.0000e-02,0.0310656
9.0032e-02,0.0313
9.0064e-02,0.0313469
9.0096e-02,0.0308281
9.0128e-02,0.0306375
9.0160e-02,0.0303906
9.0192e-02,0.0295687
9.0224e-02,0.0302531
9.0256e-02,0.0292844
9.0288e-02,0.0289312
9.0320e-02,0.0288125
9.0352e-02,0.0293156
9.0384e-02,0.0296437
9.0416e-02,0.0291187
9.0448e-02,0.0285437
9.0480e-02,0.0283844
9.0512e-02,0.0281187
9.0544e-02,0.028675
9.0576e-02,0.029075
9.0608e-02,0.0284437
9.0640e-02,0.0280781
9.0672e-02,0.028125
9.0704e-02,0.0287094
9.0736e-02,0.0288969
9.0768e-02,0.0299594
9.0800e-02,0.0291531
9.0832e-02,0.0295094
9.0864e-02,0.029325
9.0896e-02,0.02905
9.0928e-02,0.0295969
9.0960e-02,0.0292437
9.0992e-02,0.0297312
9.1024e-02,0.0286469
9.1056e-02,0.027875
9.1088e-02,0.0280531
9.1120e-02,0.0282906
9.1152e-02,0.0279281
9.1184e-02,0.0275625
9.1216e-02,0.0274625
9.1248e-02,0.0279719
9.1280e-02,0.0285812
9.1312e-02,0.0286969
9.1344e-02,0.0287844
9.1376e-02,0.0289844
9.1408e-02,0.0293187
9.1440e-02,0.0293094
9.1472e-02,0.0286719
9.1504e-02,0.0287937
9.1536e-02,0.0281844
9.1568e-02,0.0279281
9.1600e-02,0.0283781
9.1632e-02,0.0282469
9.1664e-02,0.0278156
9.1696e-02,0.0273031
9.1728e-02,0.0268375
9.1760e-02,0.0267219
9.1792e-02,0.0271906
9.1824e-02,0.0273437
9.1856e-02,0.0276312
9.1888e-02,0.028675
9.1920e-02,0.0296625
9.1952e-02,0.0293531
9.1984e-02,0.0293219
9.2016e-02,0.0291656
9.2048e-02,0.0289719
9.2080e-02,0.0289625
9.2112e-02,0.0286687
9.2144e-02,0.0278844
9.2176e-02,0.0278406
9.2208e-02,0.0273812
9.2240e-02,0.0267656
9.2272e-02,0.0266406
9.2304e-02,0.0277469
9.2336e-02,0.0276531
9.2368e-02,0.0278594
9.2400e-02,0.0274844
9.2432e-02,0.0276719
9.2464e-02,0.0285469
9.2496e-02,0.0292062
9.2528e-02,0.0302594
9.2560e-02,0.0296625
9.2592e-02,0.0294062
9.2624e-02,0.0298656
9.2656e-02,0.0295375
9.2688e-02,0.0287656
9.2720e-02,0.0288594
9.2752e-02,0.0284969
9.2784e-02,0.0286094
9.2816e-02,0.0286906
9.2848e-02,0.0282875
9.2880e-02,0.0282469
9.2912e-02,0.0279219
9.2944e-02,0.0284469
9.2976e-02,0.0290094
9.3008e-02,0.0298406
9.3040e-02,0.0301969
9.3072e-02,0.0313312
9.3104e-02,0.0305219
9.3136e-02,0.0299125
9.3168e-02,0.0312219
9.3200e-02,0.03155
9.3232e-02,0.0306156
9.3264e-02,0.0313687
9.3296e-02,0.0300594
9.3328e-02,0.0298
9.3360e-02,0.0296781
9.3392e-02,0.0293062
9.3424e-02,0.0294375
9.3456e-02,0.0292437
9.3488e-02,0.0295437
9.3520e-02,0.0292719
9.3552e-02,0.0290937
9.3584e-02,0.0294
9.3616e-02,0.0293531
9.3648e-02,0.0297
9.3680e-02,0.0296312
9.3712e-02,0.0290906
9.3744e-02,0.0288281
9.3776e-02,0.0286812
9.3808e-02,0.0282312
9.3840e-02,0.0280969
9.3872e-02,0.0288219
9.3904e-02,0.0296031
9.3936e-02,0.0298281
9.3968e-02,0.0296312
9.4000e-02,0.0294781
9.4032e-02,0.0284875
9.4064e-02,0.0279625
9.4096e-02,0.0278281
9.4128e-02,0.0273125
9.4160e-02,0.0273312
9.4192e-02,0.0266094
9.4224e-02,0.0262156
9.4256e-02,0.0267875
9.4288e-02,0.0272562
9.4320e-02,0.0279156
9.4352e-02,0.028275
9.4384e-02,0.0288281
9.4416e-02,0.0293687
9.4448e-02,0.0291437
9.4480e-02,0.0280719
9.4512e-02,0.0274969
9.4544e-02,0.0275562
9.4576e-02,0.0274906
9.4608e-02,0.0269531
9.4640e-02,0.0270469
9.4672e-02,0.0269812
9.4704e-02,0.0270469
9.4736e-02,0.0271375
9.4768e-02,0.027275
9.4800e-02,0.0276094
9.4832e-02,0.0278719
9.4864e-02,0.0271687
9.4896e-02,0.0260937
9.4928e-02,0.0267844
9.4960e-02,0.027575
9.4992e-02,0.0274969
9.5024e-02,0.0271219
9.5056e-02,0.0268062
9.5088e-02,0.0266219
9.5120e-02,0.0264344
9.5152e-02,0.0255875
9.5184e-02,0.0260875
9.5216e-02,0.0259656
9.5248e-02,0.0252875
9.5280e-02,0.0253437
9.5312e-02,0.0255937
9.5344e-02,0.026675
9.5376e-02,0.0273469
9.5408e-02,0.0288312
9.5440e-02,0.0290344
9.5472e-02,0.0288312
9.5504e-02,0.0285281
9.5536e-02,0.028075
9.5568e-02,0.0281031
9.5600e-02,0.0285469
9.5632e-02,0.0280812
9.5664e-02,0.0278312
9.5696e-02,0.0278562
9.5728e-02,0.0279531
9.5760e-02,0.0275906
9.5792e-02,0.027275
9.5824e-02,0.0269156
9.5856e-02,0.0261625
9.5888e-02,0.0255906
9.5920e-02,0.026475
9.5952e-02,0.0270781
9.5984e-02,0.0266844
9.6016e-02,0.0268969
9.6048e-02,0.0269437
9.6080e-02,0.027625
9.6112e-02,0.027775
9.6144e-02,0.0273719
9.6176e-02,0.0270437
9.6208e-02,0.0280625
9.6240e-02,0.0278312
9.6272e-02,0.0278187
9.6304e-02,0.0280281
9.6336e-02,0.02755
9.6368e-02,0.0268406
9.6400e-02,0.02675
9.6432e-02,0.0268125
9.6464e-02,0.026675
9.6496e-02,0.02705
9.6528e-02,0.0277375
9.6560e-02,0.0278906
9.6592e-02,0.0276375
9.6624e-02,0.0281375
9.6656e-02,0.028025
9.6688e-02,0.0282625
9.6720e-02,0.0288469
9.6752e-02,0.0287781
9.6784e-02,0.0283906
9.6816e-02,0.0277906
9.6848e-02,0.0275906
9.6880e-02,0.0278375
9.6912e-02,0.0287406
9.6944e-02,0.0290219
9.6976e-02,0.0286187
9.7008e-02,0.029175
9.7040e-02,0.0296156
9.7072e-02,0.0305719
9.7104e-02,0.032
9.7136e-02,0.0331531
9.7168e-02,0.0339062
9.7200e-02,0.0358625
9.7232e-02,0.0358531
9.7264e-02,0.0371875
9.7296e-02,0.0378625
9.7328e-02,0.0384531
9.7360e-02,0.0393406
9.7392e-02,0.0398469
9.7424e-02,0.0399812
9.7456e-02,0.0411937
9.7488e-02,0.0413781
9.7520e-02,0.0415594
9.7552e-02,0.0422656
9.7584e-02,0.0425719
9.7616e-02,0.0452031
9.7648e-02,0.0491281
9.7680e-02,0.0495094
9.7712e-02,0.0503594
9.7744e-02,0.0522969
9.7776e-02,0.0531469
9.7808e-02,0.0540062
9.7840e-02,0.05485
9.7872e-02,0.0566781
9.7904e-02,0.0578531
9.7936e-02,0.0592562
9.7968e-02,0.0611719
9.8000e-02,0.0617219
9.8032e-02,0.0643531
9.8064e-02,0.0640469
9.8096e-02,0.0650094
9.8128e-02,0.0661469
9.8160e-02,0.0681094
9.8192e-02,0.0698219
9.8224e-02,0.0711156
9.8256e-02,0.0724312
9.8288e-02,0.0735
9.8320e-02,0.0736312
9.8352e-02,0.0748406
9.8384e-02,0.0746437
9.8416e-02,0.0742344
9.8448e-02,0.0732719
9.8480e-02,0.0719562
9.8512e-02,0.0706625
9.8544e-02,0.0695094
9.8576e-02,0.068575
9.8608e-02,0.0694125
9.8640e-02,0.0686625
9.8672e-02,0.0682062
9.8704e-02,0.067225
9.8736e-02,0.0665719
9.8768e-02,0.0666625
9.8800e-02,0.0654375
9.8832e-02,0.0636875
9.8864e-02,0.0635687
9.8896e-02,0.0650906
9.8928e-02,0.0638312
9.8960e-02,0.0631844
9.8992e-02,0.0628656
9.9024e-02,0.0611625
9.9056e-02,0.0606094
9.9088e-02,0.0596219
9.9120e-02,0.0582312
9.9152e-02,0.0558156
9.9184e-02,0.0532312
9.9216e-02,0.0511656
9.9248e-02,0.0495094
9.9280e-02,0.04825
9.9312e-02,0.0471344
9.9344e-02,0.046375
9.9376e-02,0.0440719
9.9408e-02,0.0429031
9.9440e-02,0.0420781
9.9472e-02,0.0423719
9.9504e-02,0.0410187
9.9536e-02,0.0394281
9.9568e-02,0.0391375
9.9600e-02,0.0376312
9.9632e-02,0.0359875
9.9664e-02,0.0354656
9.9696e-02,0.0350094
9.9728e-02,0.0347469
9.9760e-02,0.0352656
9.9792e-02,0.034425
9.9824e-02,0.0342406
9.9856e-02,0.0337594
9.9888e-02,0.0330687
9.9920e-02,0.0326094
9.9952e-02,0.0318656
9.9984e-02,0.0306656
1.0002e-01,0.0312531
1.0005e-01,0.0320687
1.0008e-01,0.03105
1.0011e-01,0.0298969
1.0014e-01,0.0293937
1.0018e-01,0.0285562
1.0021e-01,0.0287
1.0024e-01,0.0286
1.0027e-01,0.0284562
1.0030e-01,0.028575
1.0034e-01,0.0276719
1.0037e-01,0.0269562
1.0040e-01,0.0264875
1.0043e-01,0.0266406
1.0046e-01,0.0270375
1.0050e-01,0.0270062
1.0053e-01,0.0274562
1.0056e-01,0.0267406
1.0059e-01,0.0265469
1.0062e-01,0.0262437
1.0066e-01,0.0263406
1.0069e-01,0.0265156
1.0072e-01,0.0270875
1.0075e-01,0.0268031
1.0078e-01,0.0269656
1.0082e-01,0.0271906
1.0085e-01,0.0272812
1.0088e-01,0.0280156
1.0091e-01,0.0286187
1.0094e-01,0.02905
1.0098e-01,0.0286812
1.0101e-01,0.0285719
1.0104e-01,0.0281187
1.0107e-01,0.0272125
1.0110e-01,0.0268844
1.0114e-01,0.0264937
1.0117e-01,0.0273281
1.0120e-01,0.0270906
1.0123e-01,0.0272906
1.0126e-01,0.0277937
1.0130e-01,0.0275531
1.0133e-01,0.0277031
1.0136e-01,0.0272562
1.0139e-01,0.0275844
1.0142e-01,0.0273969
1.0146e-01,0.0275062
1.0149e-01,0.0271937
1.0152e-01,0.0267844
1.0155e-01,0.0269812
1.0158e-01,0.0275719
1.0162e-01,0.0276469
1.0165e-01,0.0269094
1.0168e-01,0.0268594
1.0171e-01,0.0268844
1.0174e-01,0.026975
1.0178e-01,0.0275594
1.0181e-01,0.0285219
1.0184e-01,0.0283844
1.0187e-01,0.0279625
1.0190e-01,0.0285344
1.0194e-01,0.0286719
1.0197e-01,0.0281437
1.0200e-01,0.0285531
1.0203e-01,0.0289125
1.0206e-01,0.0290719
1.0210e-01,0.0289875
1.0213e-01,0.0294062
1.0216e-01,0.0288625
1.0219e-01,0.0288656
1.0222e-01,0.028475
1.0226e-01,0.0281437
1.0229e-01,0.0282562
1.0232e-01,0.0281969
1.0235e-01,0.0283437
1.0238e-01,0.0285219
1.0242e-01,0.0287969
1.0245e-01,0.028675
1.0248e-01,0.027675
1.0251e-01,0.0280937
1.0254e-01,0.0290906
1.0258e-01,0.0290719
1.0261e-01,0.0282656
1.0264e-01,0.0280594
1.0267e-01,0.0281906
1.0270e-01,0.028525
1.0274e-01,0.0286937
1.0277e-01,0.02795
1.0280e-01,0.0280125
1.0283e-01,0.0277687
1.0286e-01,0.0276281
1.0290e-01,0.0271625
1.0293e-01,0.0274
1.0296e-01,0.0280312
1.0299e-01,0.0283219
1.0302e-01,0.0287187
1.0306e-01,0.0286312
1.0309e-01,0.0284531
1.0312e-01,0.0277062
1.0315e-01,0.0279187
1.0318e-01,0.0288562
1.0322e-01,0.0290562
1.0325e-01,0.0289812
1.0328e-01,0.0287812
1.0331e-01,0.0285437
1.0334e-01,0.0279312
1.0338e-01,0.0281094
1.0341e-01,0.0280281
1.0344e-01,0.0284437
1.0347e-01,0.0290062
1.0350e-01,0.0290469
1.0354e-01,0.02885
1.0357e-01,0.0280687
1.0360e-01,0.02885
1.0363e-01,0.0284094
1.0366e-01,0.0289281
1.0370e-01,0.0292156
1.0373e-01,0.0297594
1.0376e-01,0.0288844
1.0379e-01,0.0291219
1.0382e-01,0.0292906
1.0386e-01,0.0298656
1.0389e-01,0.0297125
1.0392e-01,0.0292594
1.0395e-01,0.029325
1.0398e-01,0.0294
1.0402e-01,0.0291625
1.0405e-01,0.0294312
1.0408e-01,0.0293594
1.0411e-01,0.029
1.0414e-01,0.0291094
1.0418e-01,0.0289594
1.0421e-01,0.0289344
1.0424e-01,0.0281875
1.0427e-01,0.0275562
1.0430e-01,0.0268062
1.0434e-01,0.0274875
1.0437e-01,0.0287437
1.0440e-01,0.0292875
1.0443e-01,0.0295906
1.0446e-01,0.0294406
1.0450e-01,0.0297031
1.0453e-01,0.0299187
1.0456e-01,0.0301875
1.0459e-01,0.0305344
1.0462e-01,0.03045
1.0466e-01,0.0300062
1.0469e-01,0.0302469
1.0472e-01,0.0301969
1.0475e-01,0.0302312
1.0478e-01,0.0312094
1.0482e-01,0.030225
1.0485e-01,0.0295562
1.0488e-01,0.0293531
1.0491e-01,0.0295844
1.0494e-01,0.0291
1.0498e-01,0.0295594
1.0501e-01,0.0295625
1.0504e-01,0.0303469
1.0507e-01,0.0314375
1.0510e-01,0.0315125
1.0514e-01,0.0309125
1.0517e-01,0.03045
1.0520e-01,0.0306687
1.0523e-01,0.0308031
1.0526e-01,0.0308781
1.0530e-01,0.0308969
1.0533e-01,0.0305
1.0536e-01,0.0296125
1.0539e-01,0.0293344
1.0542e-01,0.0301219
1.0546e-01,0.0297812
1.0549e-01,0.0288969
1.0552e-01,0.0294875
1.0555e-01,0.0299031
1.0558e-01,0.029175
1.0562e-01,0.0292031
1.0565e-01,0.0287625
1.0568e-01,0.0286781
1.0571e-01,0.0286125
1.0574e-01,0.0290844
1.0578e-01,0.0301906
1.0581e-01,0.0300125
1.0584e-01,0.0306375
1.0587e-01,0.0295625
1.0590e-01,0.029225
1.0594e-01,0.029375
1.0597e-01,0.029225
1.0600e-01,0.0294156
1.0603e-01,0.0302187
1.0606e-01,0.0305719
1.0610e-01,0.0308062
1.0613e-01,0.0298406
1.0616e-01,0.0292031
1.0619e-01,0.0286156
1.0622e-01,0.0287656
1.0626e-01,0.0291125
1.0629e-01,0.0287906
1.0632e-01,0.0288812
1.0635e-01,0.0291406
1.0638e-01,0.0289094
1.0642e-01,0.0289531
1.0645e-01,0.0291125
1.0648e-01,0.0290094
1.0651e-01,0.0286656
1.0654e-01,0.0286812
1.0658e-01,0.0292187
1.0661e-01,0.0293281
1.0664e-01,0.03035
1.0667e-01,0.0299875
1.0670e-01,0.0293219
1.0674e-01,0.0292906
1.0677e-01,0.0290719
1.0680e-01,0.0283719
1.0683e-01,0.0278156
1.0686e-01,0.0279094
1.0690e-01,0.0275625
1.0693e-01,0.0270312
1.0696e-01,0.0273125
1.0699e-01,0.0278969
1.0702e-01,0.0279312
1.0706e-01,0.0268781
1.0709e-01,0.0261031
1.0712e-01,0.0263281
1.0715e-01,0.0266156
1.0718e-01,0.0275062
1.0722e-01,0.0287094
1.0725e-01,0.0292344
1.0728e-01,0.0304687
1.0731e-01,0.0325875
1.0734e-01,0.0342969
1.0738e-01,0.0364312
1.0741e-01,0.0396844
1.0744e-01,0.0436469
1.0747e-01,0.0473062
1.0750e-01,0.0523687
1.0754e-01,0.0574906
1.0757e-01,0.0611906
1.0760e-01,0.0644844
1.0763e-01,0.0675812
1.0766e-01,0.0700625
1.0770e-01,0.0717031
1.0773e-01,0.0713406
1.0776e-01,0.0671031
1.0779e-01,0.0603094
1.0782e-01,0.0549969
1.0786e-01,0.0503312
1.0789e-01,0.0459094
1.0792e-01,0.0416406
1.0795e-01,0.0378125
1.0798e-01,0.0339875
1.0802e-01,0.0314375
1.0805e-01,0.030225
1.0808e-01,0.0294
1.0811e-01,0.0280437
1.0814e-01,0.0268281
1.0818e-01,0.0266375
1.0821e-01,0.0271969
1.0824e-01,0.0262937
1.0827e-01,0.025475
1.0830e-01,0.0258156
1.0834e-01,0.0257
1.0837e-01,0.0261562
1.0840e-01,0.0262125
1.0843e-01,0.0255094
1.0846e-01,0.0257594
1.0850e-01,0.0264187
1.0853e-01,0.0262906
1.0856e-01,0.0275844
1.0859e-01,0.028025
1.0862e-01,0.0274094
1.0866e-01,0.0276531
1.0869e-01,0.0276562
1.0872e-01,0.0290375
1.0875e-01,0.0293344
1.0878e-01,0.030075
1.0882e-01,0.0296281
1.0885e-01,0.028825
1.0888e-01,0.0284625
1.0891e-01,0.0285562
1.0894e-01,0.0286781
1.0898e-01,0.0281062
1.0901e-01,0.0277687
1.0904e-01,0.0274687
1.0907e-01,0.0275969
1.0910e-01,0.0280844
1.0914e-01,0.0277844
1.0917e-01,0.0285594
1.0920e-01,0.0289812
1.0923e-01,0.0287469
1.0926e-01,0.0283625
1.0930e-01,0.0294719
1.0933e-01,0.0299312
1.0936e-01,0.031625
1.0939e-01,0.0342469
1.0942e-01,0.0381906
1.0946e-01,0.0432062
1.0949e-01,0.0477781
1.0952e-01,0.0513125
1.0955e-01,0.0556781
1.0958e-01,0.0598906
1.0962e-01,0.0586406
1.0965e-01,0.0553687
1.0968e-01,0.0506875
1.0971e-01,0.0456906
1.0974e-01,0.0409219
1.0978e-01,0.036975
1.0981e-01,0.0343187
1.0984e-01,0.0328687
1.0987e-01,0.0321562
1.0990e-01,0.0312812
1.0994e-01,0.0309812
1.0997e-01,0.0305531
1.1000e-01,0.0297437
1.1003e-01,0.0297875
1.1006e-01,0.0300437
1.1010e-01,0.0297969
1.1013e-01,0.0302062
1.1016e-01,0.0295094
1.1019e-01,0.0294187
1.1022e-01,0.0287531
1.1026e-01,0.028375
1.1029e-01,0.0282531
1.1032e-01,0.0288437
1.1035e-01,0.0283094
1.1038e-01,0.0285812
1.1042e-01,0.0283281
1.1045e-01,0.0289406
1.1048e-01,0.0292156
1.1051e-01,0.0288219
1.1054e-01,0.0286719
1.1058e-01,0.0287562
1.1061e-01,0.0298875
1.1064e-01,0.0336844
1.1067e-01,0.0391094
1.1070e-01,0.0454687
1.1074e-01,0.0504219
1.1077e-01,0.0569219
1.1080e-01,0.062475
1.1083e-01,0.0633469
1.1086e-01,0.0630875
1.1090e-01,0.0610187
1.1093e-01,0.0565094
1.1096e-01,0.0503031
1.1099e-01,0.0446469
1.1102e-01,0.0404875
1.1106e-01,0.0378312
1.1109e-01,0.0356594
1.1112e-01,0.03315
1.1115e-01,0.0307312
1.1118e-01,0.0298094
1.1122e-01,0.0292656
1.1125e-01,0.0286281
1.1128e-01,0.0281312
1.1131e-01,0.0281094
1.1134e-01,0.0283
1.1138e-01,0.0289219
1.1141e-01,0.0285094
1.1144e-01,0.0277375
1.1147e-01,0.028675
1.1150e-01,0.0289125
1.1154e-01,0.0281312
1.1157e-01,0.0281062
1.1160e-01,0.0277656
1.1163e-01,0.0283125
1.1166e-01,0.0283469
1.1170e-01,0.0279469
1.1173e-01,0.0279406
1.1176e-01,0.02815
1.1179e-01,0.0280312
1.1182e-01,0.0281031
1.1186e-01,0.0283656
1.1189e-01,0.0281906
1.1192e-01,0.0283687
1.1195e-01,0.028525
1.1198e-01,0.0293094
1.1202e-01,0.0306187
1.1205e-01,0.0326312
1.1208e-01,0.0366312
1.1211e-01,0.0418562
1.1214e-01,0.0476812
1.1218e-01,0.0524875
1.1221e-01,0.0558344
1.1224e-01,0.0560969
1.1227e-01,0.0548
1.1230e-01,0.0505844
1.1234e-01,0.0463687
1.1237e-01,0.0424312
1.1240e-01,0.0395531
1.1243e-01,0.0363344
1.1246e-01,0.0348062
1.1250e-01,0.0336875
1.1253e-01,0.0321812
1.1256e-01,0.0315031
1.1259e-01,0.0307156
1.1262e-01,0.03145
1.1266e-01,0.0304594
1.1269e-01,0.029175
1.1272e-01,0.0282969
1.1275e-01,0.0287031
1.1278e-01,0.0284906
1.1282e-01,0.0285312
1.1285e-01,0.028
1.1288e-01,0.0271969
1.1291e-01,0.0264469
1.1294e-01,0.0261687
1.1298e-01,0.0264062
1.1301e-01,0.0277969
1.1304e-01,0.0301344
1.1307e-01,0.0334062
1.1310e-01,0.0373719
1.1314e-01,0.0442562
1.1317e-01,0.0527687

